xtime[s],xdist    [m],PM_commandedTorque[Nm],PM_dcBusCurrent[A],PM_dcBusVolt[V],PM_motorSpeed[rpm],PM_torqueFeedback[Nm]
0,0,43.5,28.2,305.1,1849,42.3
0.1,0,41.5,26.3,304.8,1818,41.4
0.2,0,46.8,30.7,303.6,1845,48.2
0.3,0,59.3,41.3,301,1917,60.8
0.4,0,65.9,48.7,298.3,2026,68
0.5,0,78.2,59.3,295,2047,80.9
0.6,0,144.4,120.5,275.7,2044,148.1
0.7,0,200,171.9,258.4,2096,207.3
0.8,0,102,86.3,285.1,2008,106.6
0.9,0,0,0,313.2,1815,-0.3
1,0,0,0,313.7,1637,0.2
1.1,0,0,0,314.2,1561,0.4
1.2,0,0.4,0.2,313.9,1526,0.5
1.3,0,2.4,1.1,313.3,1445,2.5
1.4,0,5.4,2.7,312.5,1430,5.4
1.5,0,6.4,3,312.4,1394,6.1
1.6,0,11.8,5.6,312.2,1329,11.7
1.7,0,31.2,15.6,308.9,1344,32.4
1.8,0,52.4,27.1,305.5,1423,54
1.9,0,55.5,30,304.5,1508,54.9
2,0,51.9,28.5,304.7,1544,50.8
2.1,0,52.9,29.1,304.7,1546,52.6
2.2,0,54.4,29.6,304.4,1537,52.9
2.3,0,58.9,31.2,303.6,1488,59.4
2.4,0,82.6,51.1,298.6,1627,80.4
2.5,0,124.5,92.1,285.7,1888,120.9
2.6,0,137.1,98.7,282.5,1836,138.7
2.7,0,148.5,111.4,279.7,1930,148
2.8,0,158.7,137.8,270.4,2222,162.4
2.9,0,172.9,152.4,263.7,2221,174.9
3,0,200,178.1,257.6,2227,191.8
3.1,0,200,186.1,254.1,2377,194.4
3.2,0,200,184.2,253.6,2329,197.7
3.3,0,200,175.2,256,2209,202.2
3.4,0,200,182.8,250.9,2302,204.7
3.5,0,104.4,101.2,277.5,2138,105.2
3.6,0,2.5,1.1,310.2,2010,1.5
3.7,0,0,0,311.3,2051,-0.3
3.8,0,0,0,311.5,1940,0.2
3.9,0,0,0,311.6,1885,0.2
4,0,0,0,312,1822,-0.3
4.1,0,0,0,312.1,1739,-0.6
4.2,0,0.4,0.3,312.5,1534,0.5
4.3,0,2.4,1.3,312,1442,3.2
4.4,0,7.9,2.1,311.4,1505,9.1
4.5,0,12,4.3,311.7,1488,12.4
4.6,0,25.7,15,309.1,1568,26.6
4.7,0,43.9,25.1,305.1,1614,44.5
4.8,0,53.3,29.4,303.7,1542,52.9
4.9,0,73.2,43.1,299.8,1583,74.6
5,0,89.5,54.7,296.5,1649,89.6
5.1,0,97.9,61,294.7,1677,95.4
5.2,0,151.6,118.3,276.6,1873,158.8
5.3,0,200,174.1,260,2103,212
5.4,0,200,183.5,257.6,2248,201.3
5.5,0,200,190,256.3,2351,191.6
5.6,0,200,177.5,259.8,2249,188.2
5.7,0,200,171.3,259,2199,192.4
5.8,0,200,182.1,254.2,2317,195.9
5.9,0,200,193.4,250,2430,193.9
6,0,200,206.3,244,2517,206.4
6.1,0,102.9,109.1,274.3,2397,112.7
6.2,0,1,0.6,309.8,2063,0.7
6.3,0,0,0,310.8,1901,0.3
6.4,0,0,0,311.9,1853,0.2
6.5,0,0,-0.1,312.4,1636,0.4
6.6,0,7.3,4.3,311,1514,6.9
6.7,0,40.4,24.8,304.5,1602,41.1
6.8,0,68.9,42.5,299,1663,68.6
6.9,0,74.4,45.6,298.6,1658,74.1
7,0,84.9,53.6,295.9,1692,85.5
7.1,0,48.3,31.1,302.3,1673,48
7.2,0,1.5,0.7,311.6,1677,1.1
7.3,0,0,0,312.5,1576,-1.2
7.4,0,0,0,312.2,1325,-0.6
7.5,0,13.2,7.3,310.2,1364,14.6
7.6,0,26.5,14.1,308.9,1484,26.6
7.7,0,17.2,8.3,310.2,1402,16
7.8,0,6.5,2.7,312,1330,6.4
7.9,0,11.8,5.3,311.5,1337,12.2
8,0,35.6,17.4,308.2,1350,36.7
8.1,0,56.9,28.8,304.7,1397,57
8.2,0,81.6,45.9,300,1495,78
8.3,0,104.5,61.6,294.6,1565,105.1
8.4,0,115.8,70.2,291.5,1595,119.9
8.5,0,124,77.6,289.6,1647,124.7
8.6,0,130.3,85.1,286.9,1703,134.7
8.7,0,137.5,91.2,285.2,1737,139.8
8.8,0,133,90.2,285.1,1812,129.6
8.9,0,126,90.6,284.6,1920,121.9
9,0,123.5,93.9,282.3,1994,124.4
9.1,0,125.5,101.9,278.6,2111,133.5
9.2,0,127.4,107.5,278.4,2195,134.6
9.3,0,145.6,131.5,272.7,2280,154.9
9.4,0,180.6,175.8,260.2,2373,182.6
9.5,0,199.5,198.4,254.1,2408,187.4
9.6,0,200,204.6,249.9,2485,185.8
9.7,0,185.3,193.7,251.6,2595,176.9
9.8,0,184.7,213,245.8,2691,184.7
9.9,0,179.4,226.4,239.5,2807,182.2
10,0,163.9,219.3,239.4,2927,161.9
10.1,0,163.6,255.7,229.8,3045,156.5
10.2,0,154.1,270.1,226.5,3111,151.8
10.3,0,77,138.8,265.7,2915,78.7
10.4,0,0,2.5,308.2,2628,0.7
10.5,0,0,0.1,309.9,2423,0.4
10.6,0,0,0.1,310.3,1932,-0.2
10.7,0,0,-0.1,310.2,1639,-0.6
10.8,0,0,-0.1,310.6,1719,-0.3
10.9,0,0,0.1,311.3,1710,0.8
11,0,0.4,0.2,311.7,1775,0.2
11.1,0,4.9,3,310.9,1824,4.1
11.2,0,26.1,19.6,305.5,1949,26.4
11.3,0,50.9,36.9,300.4,2018,50
11.4,0,72.2,53.4,296.3,1985,70
11.5,0,92.3,71.6,290.5,2050,93.1
11.6,0,141.6,96.3,282.9,2040,121
11.7,0,193.4,164.9,263,2219,169.7
11.8,0,186.8,181.3,257.5,2291,182.7
11.9,0,186.2,166.6,260.5,2269,177.3
12,0,200,190.5,249.8,2379,194.3
12.1,0,106.9,122.7,268.9,2392,129.3
12.2,0,5.1,24.6,301.1,2314,29
12.3,0,0,0,309.3,1816,-0.3
12.4,0,0.9,0.2,309.9,1189,1.7
12.5,0,3.4,1,310.3,1117,3
12.6,0,14.7,9,308.5,1573,13.3
12.7,0,18.1,11.5,307.8,1804,17.2
12.8,0,20.8,12.6,307.3,1749,18.8
12.9,0,48.6,32.9,301.3,1836,48.3
13,0,48.8,32.6,301.6,1787,51.4
13.1,0,18.7,10.8,309.1,1723,19.1
13.2,0,3.5,1.9,311.1,1631,2.8
13.3,0,6.9,3.5,309.9,1502,6.5
13.4,0,62,44.2,299.5,1678,58.8
13.5,0,57.1,42.2,300.7,1619,54.6
13.6,0,3.9,1.9,311.5,1490,4.6
13.7,0,17.3,9.9,308.5,1673,17.6
13.8,0,20.6,11.5,307.9,1593,20
13.9,0,26.7,14.2,307.2,1498,26.7
14,0,35.1,18.4,306.3,1492,34.2
14.1,0,15.3,7.5,310.4,1328,14.2
14.2,0,0.4,0.1,312.8,1196,1
14.3,0,0.9,0.3,312.3,1123,1.4
14.4,0,0.5,0.2,312.3,1055,1.3
14.5,0,4.4,1.8,311.6,1076,4.9
14.6,0,4.6,3.7,311,1106,4
14.7,0,0,1.9,311.9,1006,-1.2
14.8,0,4.4,1.6,312.7,937,3.9
14.9,0,29.5,9.5,310.4,930,28.1
15,0,95.5,40.7,300.3,1048,90.5
15.1,0,121.9,57.2,295.1,1256,115.4
15.2,0,84.2,39,300.3,1277,83.3
15.3,0,62,27.7,302.8,1257,64.5
15.4,0,76.1,37.8,299.9,1336,78.8
15.5,0,98.4,52.8,295.8,1438,102.8
15.6,0,100.4,54.8,295,1476,102.3
15.7,0,106.8,60.2,293.7,1516,106.2
15.8,0,126.7,77.1,289.1,1596,122.6
15.9,0,167.4,119.6,275.1,1798,162.4
16,0,197.9,155.1,265,1956,193.2
16.1,0,200,163.6,261.3,2051,205.8
16.2,0,182.3,157.6,262.1,2215,190.7
16.3,0,89.5,77.6,287.8,2026,88.6
16.4,0,22.2,12.8,307,1744,22.7
16.5,0,114.8,93.6,284.3,1873,116.9
16.6,0,151,116.6,277.6,1927,147.5
16.7,0,50.9,57.8,293.6,1916,82.6
16.8,0,4.4,30.4,301.7,1843,43.9
16.9,0,30.5,19.6,305.4,1779,31
17,0,31.4,20.8,305.3,1899,31.5
17.1,0,14.8,8.7,308.9,1827,14.4
17.2,0,43.4,29.3,302.6,1806,43.7
17.3,0,71.8,49.9,296.3,1862,74.8
17.4,0,82.9,58.1,293.7,1872,87.2
17.5,0,60.6,41.1,299.2,1805,62.7
17.6,0,22.7,12.4,308.4,1654,22.9
17.7,0,14,7.4,309.8,1652,13.7
17.8,0,16.4,9.2,309.6,1683,16.6
17.9,0,63.5,43.6,299.8,1780,61.4
18,0,118.3,87.6,286.9,1919,118.9
18.1,0,161.7,133.7,274.9,2031,164.9
18.2,0,199,176.3,262,2134,194.8
18.3,0,116.7,100.3,281.6,1920,113.3
18.4,0,15.3,7.7,309.1,1795,16.3
18.5,0,0,-0.1,312,1768,-0.2
18.6,0,0,0,311.5,1622,-0.5
18.7,0,0,0,311.9,1572,0.4
18.8,0,0,0,312.5,1434,0.5
18.9,0,3.9,2.2,311.9,1438,3.9
19,0,11.9,6.2,310.5,1438,12
19.1,0,25.7,13,308.3,1410,26.1
19.2,0,30.1,14.8,307.3,1414,28.9
19.3,0,22,10.1,308.6,1357,21.5
19.4,0,27.3,13.4,308.1,1403,29.9
19.5,0,49.6,27.2,304.3,1521,49.9
19.6,0,59.5,32.6,302.3,1524,57.4
19.7,0,55.4,31.8,302.5,1610,55.3
19.8,0,56,33.6,302.2,1688,56.5
19.9,0,54.9,31.4,302.5,1609,55.7
20,0,53.9,30.5,302.9,1589,56.1
20.1,0,55.4,30.8,303,1566,57.9
20.2,0,51.6,28.2,303.7,1554,52.7
20.3,0,60.7,36.9,301.5,1660,62.4
20.4,0,107.4,70.9,291.8,1737,108.6
20.5,0,152.2,108.4,280.1,1809,154
20.6,0,182.6,151.5,265.3,2040,186.6
20.7,0,200,167.4,260.2,2073,201.3
20.8,0,200,155.8,263.7,1994,200.8
20.9,0,200,164.8,259.7,2093,205.4
21,0,200,168.7,257.4,2137,210.6
21.1,0,200,168.2,256.4,2152,201.6
21.2,0,200,180.7,251.9,2297,203.9
21.3,0,179.4,167.7,256.7,2389,189
21.4,0,80.6,74.5,287.4,2274,79.9
21.5,0,0,0,311,2062,-0.6
21.6,0,0,0,310.8,1818,-0.2
21.7,0,0,0,310.5,1428,-0.6
21.8,0,0,-0.1,311.2,1047,-1.6
21.9,0,15.6,5.3,309.9,1080,11.3
22,0,54,29,302.7,1464,54.7
22.1,0,81.4,50.5,296.4,1657,84.5
22.2,0,85.9,54.6,295.2,1700,86.5
22.3,0,86.4,57,294,1769,88.1
22.4,0,85.9,57.6,294.1,1817,82.9
22.5,0,85.4,57.7,294.4,1845,81
22.6,0,97.7,70.3,290.8,1910,92.6
22.7,0,112.4,85.6,285.8,1990,112.5
22.8,0,131.6,107,279.6,2084,137.7
22.9,0,173.9,157.6,266.7,2227,171.9
23,0,200,185.1,258.1,2242,198.6
23.1,0,200,179.5,256.6,2215,198.1
23.2,0,200,183.7,255.3,2285,201.2
23.3,0,200,193.9,253.2,2398,210.6
23.4,0,200,210.2,244.2,2543,204.1
23.5,0,106.4,115,271.4,2427,105.8
23.6,0,4.6,2.3,308.8,2317,4.7
23.7,0,0,0,310.1,2316,0.6
23.8,0,0,0,310,2147,-0.2
23.9,0,0,0,310.9,1932,0
24,0,0,0,310.7,1655,-0.2
24.1,0,2.4,1.2,309.9,1492,2.1
24.2,0,8.4,4.3,309,1430,9.2
24.3,0,17.9,9.7,308.1,1475,18.5
24.4,0,28.9,16.6,306.9,1618,27.1
24.5,0,17.3,10.2,308.3,1570,14.7
24.6,0,0.4,0.2,310.2,1534,-0.6
24.7,0,11.7,7.2,308.3,1665,12.2
24.8,0,61.1,44,298.1,1812,63.9
24.9,0,83.8,57.3,294.3,1786,84.5
25,0,33.6,19.8,305.6,1525,32.3
25.1,0,0,0,311.8,1392,-0.1
25.2,0,0,0,311.4,1429,-0.6
25.3,0,1.9,0.8,311.1,1461,2.2
25.4,0,15.2,8,309,1522,15.5
25.5,0,46.1,25.2,303.9,1549,43.4
25.6,0,71.3,40.3,299.6,1534,69.4
25.7,0,93.6,58.1,295,1628,94.2
25.8,0,78.6,48.3,298.4,1609,77.9
25.9,0,35.2,18.1,306.6,1513,34.1
26,0,49,27.8,303.6,1555,48.3
26.1,0,74,43.5,299.1,1611,73.5
26.2,0,79.3,47.5,298.1,1645,77.5
26.3,0,89.8,55.9,295.2,1690,89.7
26.4,0,109.2,71.4,289.8,1725,109.9
26.5,0,127.4,88.4,285,1810,126.8
26.6,0,164.8,135,270,2002,167.4
26.7,0,200,172.9,257.2,2121,207.1
26.8,0,200,175.9,255.7,2187,207.3
26.9,0,200,177.6,256.2,2224,196.7
27,0,200,177.3,258.2,2234,201.5
27.1,0,200,187.8,253.9,2369,209.2
27.2,0,200,202.8,246.1,2507,206.5
27.3,0,182.8,198.4,247.2,2648,184
27.4,0,182.1,208.5,243.8,2768,175.6
27.5,0,178.9,246.4,232,2884,188
27.6,0,156,268.6,226.8,3023,174.6
27.7,0,146.2,244.4,233.8,3109,149.4
27.8,0,69.9,108.9,276.2,3099,64.1
27.9,0,0,3.6,308.7,2816,-1.9
28,0,0,0.1,309.7,2354,1.4
28.1,0,0,0,309.9,1907,1.2
28.2,0,0,0,309.4,1427,0
28.3,0,0,0,309.4,1234,-0.1
28.4,0,0,-0.1,309.7,1237,0
28.5,0,0.4,0.2,310.1,1496,0.2
28.6,0,2.4,1.3,309.9,1766,2
28.7,0,6.4,3.8,308.8,1705,6.1
28.8,0,22.2,15.2,305.2,1814,23.7
28.9,0,50.6,38.1,298.5,2015,51.1
29,0,67.9,51,295.3,2021,67.1
29.1,0,88.6,66,290.9,1947,91.8
29.2,0,107.5,83.2,285.7,2015,112.5
29.3,0,152.6,139.5,271.3,2170,160
29.4,0,199.5,189.5,256.6,2261,201
29.5,0,199.5,187.9,252.3,2306,196.3
29.6,0,186.3,179.4,253.5,2395,183.9
29.7,0,87.7,83.4,284,2223,84.2
29.8,0,0,-0.1,309.4,2093,0.3
29.9,0,0,-0.1,310.2,2042,0.3
30,0,0,-0.2,310.1,1629,0
30.1,0,0,0.1,309.8,1466,-0.1
30.2,0,2.4,1.7,309.9,1654,3.4
30.3,0,4.9,2.9,309.6,1679,5.8
30.4,0,4.9,2.7,309.8,1629,5.1
30.5,0,7.4,4.2,309.5,1601,7.9
30.6,0,18.8,10.1,307.8,1543,18.9
30.7,0,34.4,18.9,304.8,1558,33.8
30.8,0,43.5,24,303.2,1559,42.7
30.9,0,29.3,15.4,306.4,1471,27.8
31,0,6.1,2.9,309.9,1397,5.1
31.1,0,0,0,310.7,1423,0.5
31.2,0,16.1,8,308.2,1454,17.4
31.3,0,20.2,9.6,307.5,1389,21.3
31.4,0,17.7,8.9,308,1442,17.3
31.5,0,17.7,8.9,308.1,1406,17.1
31.6,0,3,1.2,311,1204,3.6
31.7,0,0,0,311.8,1143,0.5
31.8,0,0,0,311.6,1114,-0.1
31.9,0,0.9,0.3,311.6,1056,0.7
32,0,42.1,25.1,304,1320,40.5
32.1,0,58.4,31.6,302,1369,55.2
32.2,0,45.7,14.1,306.8,1107,34.2
32.3,0,57,19.4,305.6,1137,46.1
32.4,0,72.6,31.5,302.3,1182,71.1
32.5,0,66.5,29.8,302.2,1262,65.9
32.6,0,27.3,12.1,307.5,1283,28
32.7,0,38,15.6,307.1,1193,37.4
32.8,0,69.4,31.4,302.9,1239,66.4
32.9,0,86.2,42.2,299.9,1321,83.2
33,0,96.9,49.3,297.4,1370,93.9
33.1,0,98.9,52.5,296,1433,94.6
33.2,0,116.6,66.3,291.4,1504,117.7
33.3,0,164.3,106,279.7,1637,171.9
33.4,0,198.4,134.7,271.4,1708,204.2
33.5,0,161.8,102.8,279.6,1629,166.1
33.6,0,118,71.5,288.8,1660,119.4
33.7,0,106.1,69.6,288.9,1797,105.5
33.8,0,75.9,48.9,294.7,1803,76
33.9,0,43.6,27,302.4,1817,44.4
34,0,40.8,25.7,302.6,1827,41.3
34.1,0,45.5,28.2,301.7,1772,45.6
34.2,0,42,25.7,303.3,1751,42.5
34.3,0,29.2,17.3,305.6,1725,27.5
34.4,0,12.5,6.8,308.4,1712,11.4
34.5,0,9.5,5.2,309.6,1728,9.6
34.6,0,30.6,19.9,305,1792,32.3
34.7,0,68.1,47.1,297,1866,72.4
34.8,0,88.9,62.7,292.9,1868,92.1
34.9,0,88.5,61.6,293.1,1865,88.4
35,0,79.6,53.3,295.1,1831,78.2
35.1,0,68.1,44.3,297.7,1811,67.1
35.2,0,47.7,30.5,301.9,1803,48.6
35.3,0,33.4,20.6,304.6,1803,35
35.4,0,35.4,22.2,304.8,1815,34.5
35.5,0,44.7,29.4,303.6,1849,43.3
35.6,0,82.3,35.8,301.6,1890,85.2
35.7,0,112.9,61.2,293.4,1930,119.6
35.8,0,155.6,138.2,270,2082,163.2
35.9,0,200,184.6,254.8,2200,201.3
36,0,200,177.2,254.6,2197,198.7
36.1,0,102,89.7,281.2,1932,102.6
36.2,0,0,-0.3,310,1491,-1.3
36.3,0,0,-0.1,310.8,1165,0
36.4,0,0,0,311,942,-0.4
36.5,0,0,0,310.8,1088,0.4
36.6,0,0,0,310.6,1361,0.9
36.7,0,0.4,0.1,311.1,1358,0.6
36.8,0,20.5,10.4,308.3,1373,20
36.9,0,27.8,13.7,306.7,1380,27.6
37,0,14.5,6.2,309.1,1297,14.6
37.1,0,39.9,21.1,305.2,1398,39.4
37.2,0,59,31.8,302.4,1485,58.7
37.3,0,53.4,28.6,303.3,1503,52.6
37.4,0,64.7,38.7,299.9,1627,64.6
37.5,0,79.9,48.5,296.8,1659,78.9
37.6,0,87.4,52.1,296,1625,84.9
37.7,0,94.9,57.6,294.4,1635,91.6
37.8,0,97,62.4,293.2,1736,91.6
37.9,0,91.5,59.2,293.5,1756,88.7
38,0,90,53.8,294.7,1644,88.3
38.1,0,91,54.3,294.2,1633,91.2
38.2,0,124.8,84.6,286.1,1752,123.3
38.3,0,170.2,129.2,273.7,1913,168.3
38.4,0,190.3,152.9,266,2043,186.2
38.5,0,200,173.9,260.4,2167,190.6
38.6,0,200,174.9,258.2,2147,201.7
38.7,0,200,170.4,256,2160,213.6
38.8,0,200,183,252.9,2324,210.2
38.9,0,200,198.6,250.8,2461,197.4
39,0,102,106.7,277.8,2288,97.3
39.1,0,0,-0.1,308.8,1978,-0.5
39.2,0,0,0.1,309.1,1478,0.7
39.3,0,0,0,309.2,1015,0.5
39.4,0,0,-0.1,309.6,1078,0.2
39.5,0,0,-0.1,309.8,1141,0.6
39.6,0,6.9,4,308.6,1364,7.2
39.7,0,26.2,16.8,305.5,1716,25.6
39.8,0,39.9,25.2,303.7,1774,39.6
39.9,0,68.4,45.2,297.5,1758,67.5
40,0,99.4,66,290.7,1747,101
40.1,0,103.4,69,289.3,1752,106
40.2,0,103.5,71.8,288.4,1836,102.1
40.3,0,101.9,70.8,289.1,1860,102.1
40.4,0,107.3,79.1,286.1,1948,109.9
40.5,0,155.6,136.1,267.9,2128,160
40.6,0,200,185.8,254.7,2261,201.4
40.7,0,200,189.9,253.1,2362,193.8
40.8,0,187.3,171.5,254.4,2322,184.8
40.9,0,174,147.3,259.2,2211,178.9
41,0,186.7,166.1,258.3,2277,188.2
41.1,0,200,195.5,252.2,2420,195.1
41.2,0,185.8,188,252.8,2517,181.9
41.3,0,135.7,128.9,268.5,2512,138.6
41.4,0,50.4,44.2,293.6,2253,52.9
41.5,0,0,0,309.4,2004,-0.7
41.6,0,0,0,309.1,1844,-0.4
41.7,0,0,0,309.3,1731,-0.2
41.8,0,0,0,309.3,1759,-0.1
41.9,0,8.3,5.2,307.6,1753,8.4
42,0,45.4,32.3,300.2,1854,45.6
42.1,0,57.3,40.2,298,1894,57.7
42.2,0,41.4,26.1,302.6,1796,40.6
42.3,0,22.9,14,306.5,1631,21
42.4,0,0.9,0.3,310.1,1580,0.4
42.5,0,0.9,0.2,309.8,1589,0.8
42.6,0,1.9,0.8,309.9,1502,2.4
42.7,0,33.3,11.2,306.6,1549,21
42.8,0,62,30.4,302,1726,46.1
42.9,0,32.5,24.1,304.3,1706,33.5
43,0,8.9,7.1,308.4,1474,12.3
43.1,0,26.2,13.9,306.6,1475,25.8
43.2,0,34.1,18.7,305.4,1573,33.5
43.3,0,64.8,38.6,299.7,1609,65
43.4,0,101.5,60.3,292.9,1590,102.8
43.5,0,99.9,60.7,292.4,1614,99.2
43.6,0,106.3,71.3,289.7,1775,107.7
43.7,0,147.2,105.7,279.6,1869,151.2
43.8,0,191.3,152.3,265.8,2006,186.8
43.9,0,200,181.8,255.1,2259,191
44,0,187.3,171.4,258.3,2308,179.3
44.1,0,186.7,164.5,262.7,2237,175.9
44.2,0,200,178.5,254.2,2243,193.4
44.3,0,200,179.6,251.2,2262,203.5
44.4,0,200,191.7,251.4,2392,205.7
44.5,0,200,209,246.8,2553,198.7
44.6,0,183.8,205,244.4,2680,180.5
44.7,0,169,219.6,240,2853,166.1
44.8,0,164.6,244.7,233.8,2979,167.7
44.9,0,158.4,243,235.4,3034,163
45,0,159.9,252.6,232.4,3108,152
45.1,0,156.5,256.7,227.7,3148,142.6
45.2,0,77.5,135,264.8,2958,70.1
45.3,0,0,6.6,304.9,2734,-1
45.4,0,0,-0.2,306.5,2674,-0.6
45.5,0,0,-0.2,307.5,2442,0
45.6,0,0,-0.2,308.6,1965,0
45.7,0,0,0,308.7,1568,-0.7
45.8,0,0.4,0.1,307.9,1540,-0.8
45.9,0,1.9,1,307.5,1718,1.1
46,0,2.9,1.8,307.9,1815,2.3
46.1,0,4.9,3.4,308.3,1923,5.5
46.2,0,6.9,5,308.8,2044,8.5
46.3,0,11.8,8.5,307.7,2033,11.6
46.4,0,22.3,16,304.9,2029,21.3
46.5,0,26,18.4,303.8,2041,25.1
46.6,0,12.2,8.6,306.8,1928,11.1
46.7,0,0,0,309,1761,-0.9
46.8,0,0,-0.1,309.1,1582,-1
46.9,0,0,-0.1,309.6,1532,0.2
47,0,4.4,2.7,308.9,1647,5.1
47.1,0,9.5,5.6,308.1,1640,10.1
47.2,0,30.5,17.6,304.7,1586,32.9
47.3,0,29.4,16.3,304.9,1507,30.1
47.4,0,3,1.2,309.8,1464,2.5
47.5,0,2.4,1.2,309.8,1494,3.5
47.6,0,9.4,4.8,308.4,1501,10
47.7,0,52.2,35.1,299.5,1662,54
47.8,0,98.4,63.4,291,1709,97.9
47.9,0,70.7,40.8,297.9,1553,67.9
48,0,18.2,10.4,307.3,1501,17.3
48.1,0,20.5,10.5,307.1,1421,21.2
48.2,0,65.5,35,299.3,1456,66
48.3,0,88,51.6,294.5,1597,87.3
48.4,0,63.9,38.1,298.8,1646,62.8
48.5,0,43.5,25.6,302.5,1694,44
48.6,0,27.9,16.3,305,1663,28.4
48.7,0,5.1,2.5,309.5,1546,3.9
48.8,0,0,0,310.5,1438,-0.5
48.9,0,2.9,1.5,309.7,1456,2.4
49,0,4.4,2.3,310.2,1493,4.4
49.1,0,1.5,0.8,310.8,1343,1.5
49.2,0,0,0,310,1150,-0.4
49.3,0,24.9,13.1,306.2,1224,25.1
49.4,0,62.7,32.1,301,1378,62.5
49.5,0,71,35.6,299.8,1376,71.9
49.6,0,56.2,27.2,302.4,1346,57.9
49.7,0,45,20.5,305.1,1298,45.3
49.8,0,45.5,20.4,304.8,1287,45
49.9,0,42,17.8,305.3,1217,40.8
50,0,35.9,14.6,306.9,1175,35.1
50.1,0,34.9,14.6,306.4,1211,35.5
50.2,0,24.2,10,307.1,1186,25.1
50.3,0,31.6,14.3,306.3,1239,30.5
50.4,0,98.5,56.9,294.7,1455,92.6
50.5,0,135.7,79.3,287.1,1524,132.3
50.6,0,121.5,69.7,288.6,1531,124.8
50.7,0,110.1,65.7,290.8,1606,109.6
50.8,0,99.9,59.5,293.1,1618,99.3
50.9,0,101.9,64.2,291.3,1697,102.4
51,0,131,94.7,283.1,1863,128.6
51.1,0,178.6,146.1,268.2,2036,184.9
51.2,0,200,171.7,260.1,2114,199.8
51.3,0,200,180.2,258.4,2227,183.4
51.4,0,200,202.5,251,2456,199.2
51.5,0,105.4,112,276.1,2149,113.2
51.6,0,34.8,21.7,302.8,1775,35.6
51.7,0,124.7,94,283.2,1892,119.5
51.8,0,192.4,148.2,268.5,1928,180.8
51.9,0,149.9,111.1,276.4,1970,147.7
52,0,53.4,38.3,296.4,1884,55.2
52.1,0,2.9,1.2,308.5,1766,1.9
52.2,0,11.2,6.8,307.3,1829,11.4
52.3,0,17,10.2,306.4,1787,15.8
52.4,0,16.4,9.2,306.9,1695,15.2
52.5,0,49.8,33.1,300.8,1756,48.1
52.6,0,77.5,53.6,294.5,1868,77.8
52.7,0,55.8,37.4,298.5,1843,58.1
52.8,0,30,18.1,304.1,1748,29.5
52.9,0,32.3,19.6,303.8,1741,32.5
53,0,44.5,27.5,302,1749,45.1
53.1,0,56.8,35.1,299.8,1720,54.3
53.2,0,68.4,43.7,297,1745,68.4
53.3,0,71.9,47.4,295.6,1784,76
53.4,0,115.2,76.4,288.4,1829,107.4
53.5,0,178.6,134.1,273.1,1954,163.8
53.6,0,200,181.2,258.8,2203,194.7
53.7,0,185.3,185.3,253.5,2429,192
53.8,0,86.7,99,277.3,2387,109.3
53.9,0,0,12,305.5,1838,14.8
54,0,0,0,309.9,1187,-0.7
54.1,0,0,0,310.2,1000,-0.9
54.2,0,0,0,309.8,1089,-1.1
54.3,0,0,0,309.9,1139,-0.5
54.4,0,5.9,2.4,309.3,1090,5.4
54.5,0,34.5,14.6,305.8,1123,33.5
54.6,0,111.4,58.7,292.6,1306,114.5
54.7,0,167,90.2,283.4,1382,170.2
54.8,0,118.4,57,293.1,1221,118.7
54.9,0,37.5,14.5,305.8,1103,39.5
55,0,44.1,29.1,301.6,1479,44
55.1,0,42.8,29.3,300.9,1522,42.2
55.2,0,0,0,310.1,1240,0.6
55.3,0,0,-0.1,310.3,1274,-0.8
55.4,0,0,-0.1,310.3,1162,-1
55.5,0,17.6,8.9,307.3,1266,17.7
55.6,0,59.9,31.6,300.3,1430,61.4
55.7,0,81.5,42.7,297.4,1409,84
55.8,0,79.9,39.7,298.7,1361,78.2
55.9,0,79,39.9,298.8,1389,76.8
56,0,79.9,42.7,297.8,1472,78.2
56.1,0,95.7,54,294.1,1513,94.9
56.2,0,134.4,87.5,284.1,1658,137.9
56.3,0,180.6,113.5,277,1796,177.2
56.4,0,200,144.9,269.6,1968,189.5
56.5,0,200,168.1,262.9,2065,191.5
56.6,0,200,155.6,262.3,1971,200.8
56.7,0,200,154.7,261,1973,201.6
56.8,0,200,159,260.2,2033,200.8
56.9,0,200,166.3,257.6,2131,198.7
57,0,200,174.3,256.8,2240,200.8
57.1,0,200,183,255.5,2342,213.1
57.2,0,200,193.3,251.8,2410,204
57.3,0,102,100.7,278.2,2254,99.2
57.4,0,0,-0.2,308.1,1870,0.2
57.5,0,0,-0.2,308.8,1522,0.1
57.6,0,0,-0.1,309.2,1151,0.1
57.7,0,0,0,309.4,1076,0
57.8,0,0.4,0.1,309.8,1211,0.5
57.9,0,1.9,0.7,309.1,1322,1.1
58,0,5.4,2.9,308.6,1515,5.4
58.1,0,41.3,22.8,303.4,1669,37.9
58.2,0,78.9,46.9,295.9,1732,73.5
58.3,0,126,70.2,289.3,1733,100.8
58.4,0,178.4,123.6,274.4,1924,153.6
58.5,0,191.9,163.6,261.3,2079,192.1
58.6,0,199.5,180,253.6,2218,210.3
58.7,0,186.3,185.2,249.2,2469,194.1
58.8,0,185.7,190.6,250.3,2542,183.7
58.9,0,200,211.9,246.6,2547,205.3
59,0,183.8,186.4,251.7,2485,192.3
59.1,0,183.2,173.3,252.5,2435,185.7
59.2,0,184.3,180.7,247.2,2512,182.3
59.3,0,85.7,87.9,277.5,2465,88.6
59.4,0,0,3.9,306.2,2375,2.8
59.5,0,0,-0.1,307.5,2205,-0.7
59.6,0,0,-0.1,307.8,2037,-1
59.7,0,0,0,308.4,1954,-0.8
59.8,0,0,0,308.5,1748,-0.7
59.9,0,4.4,2.7,307.6,1670,3.8
60,0,14.3,9,306.3,1731,14.4
60.1,0,20.9,12.6,304.7,1709,21.4
60.2,0,22.4,12.8,304.4,1667,23.2
60.3,0,18.5,10.3,305.5,1632,18.9
60.4,0,7.1,3.8,307.9,1600,6.4
60.5,0,0,0,308.7,1611,-0.3
60.6,0,1.9,1.1,308,1641,2.7
60.7,0,6.4,3.7,308,1624,7.7
60.8,0,11,6.4,306.9,1608,11.6
60.9,0,12.5,7.1,306.9,1575,13
61,0,6.1,3.3,308.6,1500,5.7
61.1,0,0,-0.1,309.8,1496,-0.1
61.2,0,0,0.1,309.9,1504,1.3
61.3,0,11.8,7.1,307.6,1547,11.1
61.4,0,50,31.4,300.7,1666,47.8
61.5,0,73,45,296.8,1664,72
61.6,0,71.4,43.6,296.8,1676,72.2
61.7,0,75,46.4,295.8,1728,75.6
61.8,0,76,46.4,295.8,1707,76.1
61.9,0,77,47.4,295.9,1695,75
62,0,88.2,56.6,293.4,1724,85.8
62.1,0,148.4,115.5,276.3,1895,144.8
62.2,0,200,158.7,263.7,1971,197.5
62.3,0,200,153.1,264.8,1949,195.1
62.4,0,200,162.5,262.1,2090,195.5
62.5,0,200,172.4,258.4,2214,201.3
62.6,0,200,183.5,252.1,2320,198.9
62.7,0,186.3,179.3,253.4,2454,189.3
62.8,0,172,175,257.1,2570,177
62.9,0,185.7,218.6,245.2,2698,182.2
63,0,200,265.8,226.7,2854,185
63.1,0,179.9,265.8,226.9,2962,164.3
63.2,0,137.8,205.7,246.3,2992,132.5
63.3,0,137.5,212.8,240.5,3043,134.8
63.4,0,81.5,141.9,263.6,3013,78.5
63.5,0,0,1.9,306.4,2619,-0.2
63.6,0,0,0,307.7,2409,0.1
63.7,0,0,0,307.5,2422,-0.2
63.8,0,0,0,307.3,2096,0.3
63.9,0,0,0,307.6,1761,0.1
64,0,0,0,307.9,1649,-0.4
64.1,0,0,0,308.5,1795,0.1
64.2,0,7.3,5.7,306.8,1988,7.9
64.3,0,30.7,23.7,301.4,2030,32.2
64.4,0,48.4,38.9,297,2170,49.1
64.5,0,48.9,38.1,297,2152,49
64.6,0,56.7,44.2,294.7,2118,60.2
64.7,0,65.4,51.1,293.1,2126,66.7
64.8,0,75.2,55.9,291.9,2008,72.7
64.9,0,141.8,125.5,273.8,2128,149.1
65,0,200,187.9,256.9,2246,213.6
65.1,0,200,200.4,251.2,2369,202.7
65.2,0,185.8,190.3,252.6,2483,181.8
65.3,0,90.1,85.8,282.4,2258,89.5
65.4,0,3,1.4,307.5,1763,2
65.5,0,0,-0.2,308.5,1272,-1.4
65.6,0,0,0,308.6,1083,0.3
65.7,0,0,0,308.4,1400,-0.9
65.8,0,2.4,1.5,307.8,1757,0.8
65.9,0,4.4,2.7,307.7,1786,4.7
66,0,7.4,4.6,307.7,1754,8.2
66.1,0,6.5,4,308,1662,7.2
66.2,0,1,0.5,309.2,1531,2.1
66.3,0,0,0,309,1472,1
66.4,0,0,-0.1,309,1448,0.2
66.5,0,3.4,1.9,308.7,1431,5.1
66.6,0,13.8,7.7,307.2,1481,16.1
66.7,0,14.6,7.8,306.6,1441,15
66.8,0,4.1,3.6,307,1354,4
66.9,0,0,1.8,307.9,1335,0.3
67,0,0,0,309.2,1285,0.9
67.1,0,68.6,49.2,296.7,1534,66
67.2,0,116,75.2,288.5,1641,115.4
67.3,0,53.3,28.2,300.3,1460,56
67.4,0,7.1,3.3,308,1421,6.4
67.5,0,0,-0.1,309.2,1334,-1.1
67.6,0,0,0,309.4,1195,-0.6
67.7,0,4.4,1.8,308.9,1120,3.9
67.8,0,16.8,6.3,307.4,1121,15.3
67.9,0,12.8,4.6,307.5,1049,11.5
68,0,0,-0.1,308.6,1079,0.1
68.1,0,8.3,2.9,308.4,1084,9
68.2,0,29.7,11,306.4,1045,31.3
68.3,0,71.4,31.7,300.4,1167,71.6
68.4,0,90.6,43.5,296.7,1300,89.5
68.5,0,72.1,36,298.7,1380,73.5
68.6,0,71.3,36.1,299.3,1408,72.6
68.7,0,81.4,40.5,297.9,1370,80.4
68.8,0,98.1,52.1,294,1409,96.7
68.9,0,131.6,77.6,286.3,1515,134
69,0,169.6,108.8,278.4,1629,168
69.1,0,149.8,99.4,281.4,1763,141.7
69.2,0,109.9,69.5,287.9,1737,110.3
69.3,0,93.3,54.9,292,1623,96.2
69.4,0,77.4,44.7,296.1,1628,73.7
69.5,0,67.7,40.3,297.3,1687,67
69.6,0,57.4,36.3,298.4,1789,59.5
69.7,0,76.2,53.1,294.6,1905,78.2
69.8,0,87.1,61.6,292.6,1912,89.1
69.9,0,56.9,36.9,298.8,1753,56.9
70,0,23.1,12.6,306,1629,22.7
70.1,0,7.1,3.7,309,1656,6.8
70.2,0,0,0,309.9,1619,0.1
70.3,0,30.4,20.2,303.8,1722,28.4
70.4,0,72.2,50.3,294.9,1889,71.4
70.5,0,84.4,59.8,292.2,1879,84.8
70.6,0,92.3,65.8,290.3,1898,94.4
70.7,0,77.3,53,293.5,1832,79.2
70.8,0,53.4,32.8,299,1751,53.2
70.9,0,55.9,35,297.7,1763,57.8
71,0,57,36.4,297.7,1799,57.1
71.1,0,34.3,21.6,302.9,1812,34
71.2,0,14,8,306.9,1764,13.8
71.3,0,24.7,15,305.4,1750,24.6
71.4,0,61.9,44.1,297.3,1862,63.6
71.5,0,143.4,123.2,275.3,2041,150.2
71.6,0,189.2,161.7,264.6,2072,188.2
71.7,0,90.7,71.5,289.2,1764,83.2
71.8,0,0,-0.1,308.5,1436,-0.6
71.9,0,0,0,307.9,1361,-0.7
72,0,0,0,309.1,1469,-1.1
72.1,0,0,0,310.2,1553,-0.8
72.2,0,0,-0.1,309.4,1488,-0.6
72.3,0,0,-0.2,309,1440,-1.3
72.4,0,0,-0.2,309.5,1404,-1.5
72.5,0,4.9,2.7,309.2,1433,4.9
72.6,0,8,4.1,309,1402,7.5
72.7,0,6.9,3,309,1310,5.3
72.8,0,4.5,1.9,309.7,1254,4.3
72.9,0,37.7,23.9,303.1,1454,38.8
73,0,69.1,41.2,297.7,1626,68.9
73.1,0,59.1,34.9,299.5,1666,59.6
73.2,0,60.4,35.6,299.2,1658,63.5
73.3,0,62,34.1,300.1,1536,63.8
73.4,0,64.3,36.8,299,1586,66.5
73.5,0,69.9,40.2,297.7,1592,71.1
73.6,0,74.4,45.9,296,1702,71.8
73.7,0,85.9,53.6,294.2,1712,81.2
73.8,0,145.4,64.7,291.1,1651,100
73.9,0,200,130.1,271.6,1967,153.9
74,0,200,167.2,258.5,2049,202
74.1,0,200,147,261.3,1873,209.9
74.2,0,200,147.9,262.3,1916,205.4
74.3,0,200,153,263.4,2006,199.5
74.4,0,200,163.2,261.2,2123,193.2
74.5,0,200,173.8,257.6,2240,191
74.6,0,154.9,133.4,266.4,2268,155.8
74.7,0,55.5,43.5,292.7,2129,57.5
74.8,0,0.5,0.1,308.1,2013,-0.8
74.9,0,0,0,308.1,1939,-0.3
75,0,0,0,307.9,1795,-0.4
75.1,0,0,-0.1,308.7,1634,-0.9
75.2,0,0.9,0.5,308.9,1603,0.1
75.3,0,18.6,12,305.1,1716,17.7
75.4,0,41.3,26.6,300.8,1781,41.3
75.5,0,33.7,21.1,302.4,1758,33.8
75.6,0,31.2,18.8,303.5,1733,30.5
75.7,0,54.7,34.2,298.9,1731,55.9
75.8,0,65.4,40.8,296.1,1706,67.2
75.9,0,95.8,67.9,289.8,1818,98.2
76,0,163.7,131.5,272.9,2000,171.9
76.1,0,200,166,260.4,2055,209.8
76.2,0,200,178.9,254.8,2218,203.5
76.3,0,200,193.7,252,2389,192.1
76.4,0,200,186.1,252.5,2339,191.8
76.5,0,200,178.4,252.5,2277,197.1
76.6,0,200,184.3,251.9,2349,194.1
76.7,0,200,196.5,246.6,2459,207
76.8,0,183.8,186.6,249.7,2559,200
76.9,0,149.8,147.8,262.5,2601,151.7
77,0,131.9,126.4,268,2588,124.1
77.1,0,67.3,64.4,287.2,2351,63.4
77.2,0,0,-0.1,307.1,2125,-0.7
77.3,0,0,0,307.9,2008,-1
77.4,0,0,0.1,308.1,1630,-0.2
77.5,0,0,0,307.7,1481,0.1
77.6,0,0.4,0.2,308,1392,0.4
77.7,0,0.9,0.3,307.8,1328,0.2
77.8,0,2.9,1.4,307.9,1538,2.6
77.9,0,3.9,2.2,308.4,1603,4.4
78,0,1.9,1.1,308.7,1583,2.2
78.1,0,0.5,0.3,308.6,1582,1
78.2,0,0,0,308.6,1577,0.5
78.3,0,2.9,1.6,308.1,1579,2.4
78.4,0,3.5,1.9,308.5,1508,3.7
78.5,0,0.9,0.5,308.9,1409,1.7
78.6,0,4.4,2.5,308.3,1435,5
78.7,0,7,3.6,308.2,1394,7.8
78.8,0,17.7,8.2,306.8,1325,16.2
78.9,0,27.6,13,305.1,1367,25.2
79,0,41.2,19.9,302.9,1375,39.6
79.1,0,61.9,31.4,300.3,1395,62.3
79.2,0,75.7,40.7,297.3,1453,77.4
79.3,0,114.3,68.3,289.4,1539,113.7
79.4,0,152.2,99.9,280.3,1674,152.7
79.5,0,177.1,126.5,271.6,1840,186.4
79.6,0,196.9,162,261.6,2080,199.9
79.7,0,200,181.8,255.3,2256,193.3
79.8,0,200,186.4,254.3,2328,203.4
79.9,0,200,183.6,252.9,2307,211.8
80,0,200,175.7,253.6,2240,203.3
80.1,0,200,176.6,252.7,2250,203.7
80.2,0,186.8,167.1,252.1,2304,193.9
80.3,0,186.2,179.3,251,2446,179.6
80.4,0,185.8,193.7,247.7,2614,186.2
80.5,0,172.5,196.4,245.7,2761,179.9
80.6,0,170.6,213.5,241.5,2874,171.2
80.7,0,166,229.7,236.4,2966,166.3
80.8,0,160.5,248.8,231.1,3100,157.6
80.9,0,79.6,134.5,265.5,2908,76.2
81,0,0,5.4,304.1,2718,0.4
81.1,0,0,0,306.2,2604,0.4
81.2,0,0,0,306.6,2423,0.2
81.3,0,0,0,306.3,2398,-0.4
81.4,0,0,-0.1,305.9,2216,-0.2
81.5,0,0,-0.1,306.7,2124,0
81.6,0,0,0,307.6,2159,-0.3
81.7,0,0,0,307.8,2106,-0.3
81.8,0,0,0,307.2,2001,-0.2
81.9,0,2.9,1.9,306.8,1885,3
82,0,8.4,5.5,306.4,1857,8.1
82.1,0,11,7.3,306.1,1884,10.8
82.2,0,18.4,12.4,304.2,1902,18.6
82.3,0,41.2,29.4,299.1,1955,41.6
82.4,0,68.2,52.9,291.9,2065,67.4
82.5,0,88.7,67.4,287.8,2022,88.6
82.6,0,113.1,84.9,283.5,1965,111.7
82.7,0,162.8,131.1,270.9,2029,158.1
82.8,0,101,83.1,284.8,1889,98.1
82.9,0,0,-0.3,307.8,1741,-0.8
83,0,0,-0.1,307.2,1830,-0.6
83.1,0,0,0.1,308,1845,0.3
83.2,0,0,0,308.4,1692,1
83.3,0,0,0,308.7,1618,0.6
83.4,0,0,-0.1,308.7,1593,-0.8
83.5,0,0,-0.2,308,1560,-1
83.6,0,0,-0.1,308.6,1538,-0.1
83.7,0,0,0,309.3,1524,0.1
83.8,0,0.9,0.4,308.8,1497,1
83.9,0,40.6,25.5,301.4,1618,38.6
84,0,76,48.8,294.7,1765,74.9
84.1,0,68.5,43.9,296.1,1759,67.5
84.2,0,44.8,27.5,300.7,1709,41.6
84.3,0,11.7,6.5,306.6,1586,9.8
84.4,0,0,0,308.5,1459,-0.8
84.5,0,0.4,0.1,308.6,1463,0.7
84.6,0,0.5,0.1,308.8,1453,0.8
84.7,0,0,-0.1,308.6,1321,0.1
84.8,0,0,0,309.4,1193,0.1
84.9,0,0,0,309.3,1174,-0.3
85,0,0.9,0.3,308.2,1184,0.8
85.1,0,22.5,11.2,306,1220,21.5
85.2,0,35.7,16.2,304.8,1196,34.3
85.3,0,21.1,7.7,306.4,1091,20.9
85.4,0,15,5.3,307,1101,14.4
85.5,0,16.4,5.9,306.7,1107,17.2
85.6,0,20.9,7.7,306.8,1108,21.9
85.7,0,41.1,16.7,304.9,1149,39
85.8,0,43.8,17.6,304.5,1129,41.9
85.9,0,17.2,6,307.6,1049,17.4
86,0,10.8,4,307.8,1102,11.7
86.1,0,29.2,11.8,305.3,1180,29.3
86.2,0,67,30.4,300.3,1220,68.4
86.3,0,102.2,50,294.5,1297,103.9
86.4,0,109.5,54.7,292.8,1344,106.6
86.5,0,97.7,48.8,294.6,1372,93.3
86.6,0,89,46.8,296.1,1456,85.9
86.7,0,91.5,51,295.5,1531,88.1
86.8,0,93.5,53.7,293.9,1569,92.8
86.9,0,91,53.2,293,1600,91.5
87,0,89.5,50.7,293.5,1554,88.2
87.1,0,85.1,46.9,294.4,1517,85.9
87.2,0,79.9,44.2,295.2,1532,81.8
87.3,0,80.4,45.8,294.7,1572,83.5
87.4,0,80,48.4,294.6,1675,80.7
87.5,0,82.9,53.7,293.3,1773,81.1
87.6,0,88.9,59.7,291.5,1816,87.6
87.7,0,91.5,61.9,291.3,1830,89.1
87.8,0,84.7,56.1,292.8,1810,82.2
87.9,0,70.1,44.9,295.6,1787,70.1
88,0,59.6,37.9,298,1795,60.2
88.1,0,32.5,20.1,303.1,1746,31.7
88.2,0,31,21.8,301.9,1888,31.8
88.3,0,41.2,28.7,300.3,1955,42.9
88.4,0,19.2,11.5,305.4,1778,19.4
88.5,0,22.7,14.1,304.3,1780,22.2
88.6,0,45.7,29.6,300.3,1823,45
88.7,0,57,37,298.6,1819,57.1
88.8,0,57.5,37.8,298.1,1834,57.5
88.9,0,57.5,37.6,297.7,1832,55.9
89,0,64.8,41.6,296.5,1788,63.6
89.1,0,77.4,51,294.4,1794,78.6
89.2,0,81.4,57,292.7,1893,84.6
89.3,0,80,58.2,291.4,1982,81.7
89.4,0,80.9,59.2,290.7,2000,82.9
89.5,0,48.6,35.2,298,1985,49.7
89.6,0,6.6,4.2,307.8,1804,6.6
89.7,0,0,-0.1,308.9,1486,0.8
89.8,0,0,0,308.3,1422,0.5
89.9,0,0,0,308.3,1504,0.2
90,0,0.4,0.2,308.5,1476,0.6
90.1,0,8.3,4.9,307.4,1470,8.1
90.2,0,27.7,16,304.6,1537,28.1
90.3,0,35.6,19.4,304.2,1540,36.2
90.4,0,34.9,17.6,304.7,1448,34.8
90.5,0,34.5,16.8,304.7,1402,35.4
90.6,0,26.5,12.6,305.8,1383,27.7
90.7,0,17.1,7.8,306.9,1361,16.6
90.8,0,10.5,4.5,307.7,1337,10.2
90.9,0,10,4.3,307.7,1359,9.7
91,0,12,5.3,307.8,1353,11.3
91.1,0,39.4,22.5,303.1,1469,39.4
91.2,0,68.9,37.6,298.5,1502,69
91.3,0,83.3,44.5,296.7,1441,82.2
91.4,0,100.4,57.7,293.6,1539,96.4
91.5,0,110.4,68.2,290.3,1650,108.6
91.6,0,114.4,72.2,288.8,1686,112.8
91.7,0,133.1,84.6,285.1,1663,133.5
91.8,0,155.4,104.9,278.8,1744,162
91.9,0,166.3,122.3,274.4,1898,168.5
92,0,185.7,154.2,266,2093,189.8
92.1,0,198.4,179.3,259,2275,210.4
92.2,0,200,194,251.2,2419,205.5
92.3,0,200,203.3,244.5,2477,197.5
92.4,0,184.8,172.1,254.3,2321,182.3
92.5,0,184.2,166.8,259.5,2291,190.3
92.6,0,200,195.7,250.5,2424,208.1
92.7,0,175.5,165.9,255.5,2408,175
92.8,0,76.4,68.3,285.2,2190,75.7
92.9,0,0,-0.1,307.5,2039,0.7
93,0,0,0,308.1,1968,0.9
93.1,0,0,0,307.5,1735,-0.6
93.2,0,0.4,0.2,307.9,1622,-0.4
93.3,0,2.4,1.2,308.1,1569,2.2
93.4,0,7.4,4,307.2,1565,7.6
93.5,0,26.2,17.5,303,1785,28
93.6,0,55.2,36.7,297.3,1880,55.6
93.7,0,75.8,50.1,293.6,1799,75.3
93.8,0,84.9,56.8,291.6,1801,85.2
93.9,0,91.8,62.2,290.1,1826,92.2
94,0,118,89.8,282.2,1956,117.6
94.1,0,169.4,145.7,267.2,2140,161.4
94.2,0,200,190.6,254.7,2391,189.9
94.3,0,200,223.3,242.4,2650,197.6
94.4,0,179.4,233.1,235.6,2809,180
94.5,0,159.9,229,236.9,2909,161.4
94.6,0,161.4,239,235.4,2971,167.7
94.7,0,159.9,246.2,231.6,2996,160.7
94.8,0,156,234,236.1,2976,152.2
94.9,0,160.8,213.9,244.6,2823,155
95,0,86.2,112.4,274.5,2632,83
95.1,0,0,4.3,305.3,2327,3.3
95.2,0,0,0.1,305.8,1595,0
95.3,0,1.4,0.4,305.9,1107,1.7
95.4,0,1.5,0.5,306.7,1183,2.4
95.5,0,0,0,307.1,1031,1.3
95.6,0,0,0,307.1,873,1.1
95.7,0,0.9,0.2,307.1,906,1.2
95.8,0,2.9,1,306.4,1120,2.6
95.9,0,3.4,1.5,306.8,1355,2.8
96,0,2.9,1.3,307.2,1287,2.4
96.1,0,1.5,0.6,307.3,1210,1.4
96.2,0,0.4,0.2,307.7,1229,0.8
96.3,0,0.5,0.2,307.5,1247,0.5
96.4,0,0,-0.1,307.7,1215,-0.2
96.5,0,0,0,307.6,1191,0.4
96.6,0,0,0,307.1,1161,0.3
96.7,0,1.4,0.5,307,1169,1.7
96.8,0,3.4,1.3,307.1,1180,3.6
96.9,0,2,0.8,307.9,1151,1.8
97,0,0.4,0.2,308.5,1123,0.9
97.1,0,0.5,0.2,308.4,1125,1.9
97.2,0,6.9,3.1,307.5,1167,7.9
97.3,0,45.8,19.6,303.2,1178,44.6
97.4,0,62.8,26.6,301.2,1177,62.1
97.5,0,30.3,12.5,304.8,1181,31.1
97.6,0,11.6,4.2,307.4,1144,10.9
97.7,0,9,3.2,307.8,1138,7.8
97.8,0,11,4,307.4,1143,10.8
97.9,0,6.6,2.4,307.5,1107,6.7
98,0,0,-0.1,308.6,1064,-0.3
98.1,0,0,-0.1,309.1,1063,0.1
98.2,0,0,-0.1,309.4,1025,-0.1
98.3,0,0,0,309.4,1001,0.3
98.4,0,0,0,308.8,983,0.3
98.5,0,0,0,308.8,950,-0.2
98.6,0,0,0,309.5,949,-0.4
98.7,0,0,0,309.7,931,-0.2
98.8,0,0,0,309.4,907,0.4
98.9,0,0,0,309.2,887,-0.1
99,0,0,0,309.2,866,-0.8
99.1,0,0,-0.1,309.6,841,-0.5
99.2,0,0,0,309.4,804,-1.1
99.3,0,0,-0.1,308.9,758,-0.9
99.4,0,1.9,0.6,309.2,745,1.8
99.5,0,2,0.8,309.6,672,2.3
99.6,0,0,0.1,309.7,551,0.4
99.7,0,0,0,309.7,543,0.1
99.8,0,0,0,309.8,534,-0.3
99.9,0,0,0,310,463,-0.9
100,0,0,0,310.1,384,-0.5
100.1,0,0,0,309.7,322,0
100.2,0,0,0,309.5,289,-0.2
100.3,0,0,0,309.7,261,-0.3
100.4,0,0,0,310.1,225,0.3
100.5,0,0,0,310.3,188,0.9
100.6,0,0,0,309.8,154,0.8
100.7,0,0,0,309.3,120,-0.1
100.8,0,0,0,309.5,88,-0.2
100.9,0,0,0,310,51,0.2
101,0,0,0,310.2,10,0
101.1,0,0,0,310,-11,0.3
101.2,0,0.4,0,310.3,-3,0.6
101.3,0,0.5,0,310.4,4,0
101.4,0,0,0,310.3,1,-0.3
101.5,0,0,0,310,-2,0
101.6,0,0,0,309.8,0,0.4
101.7,0,0,0,310.2,0,-0.2
101.8,0,0,0,310.3,0,-0.7
101.9,0,0,0,310.1,0,0.2
102,0,0,0,310.1,0,-1.2
102.1,0,0,0,310.6,0,-1.3
102.2,0,0,0,310.4,0,0
102.3,0,0,0,310.4,0,-0.2
102.4,0,0,0,310.6,0,0.1
102.5,0,0,0,310.3,0,-0.1
102.6,0,0,0,310.2,0,-0.7
102.7,0,0,0,310,0,-0.4
102.8,0,0,0,310.2,0,0.1
102.9,0,0,0,310.3,0,-0.3
103,0,0,0,310.6,0,-0.4
103.1,0,0,0,310.6,0,-0.1
103.2,0,0,0,310.3,0,0.1
103.3,0,0,0,310.7,0,0.3
103.4,0,0,0,311,0,0.1
103.5,0,0,0,269.6,0,0
103.6,0,0,0,191.8,0,-0.4
103.7,0,0,0,144.2,0,0.6
103.8,0,0,0,125.8,0,0.7
103.9,0,0,0,112.2,0,-0.4
104,0,0,0,99.1,0,-0.5
104.1,0,0,0,86,0,-0.3
104.2,0,0,0,73,0,-0.3
104.3,0,0,0,59.4,0,0
104.4,0,0,0,43.8,0,0.9
104.5,0,0,0,24.4,0,0.1
104.6,0,0,0,12.7,0,-0.6
104.7,0,0,0,11.8,0,0.1
104.8,0,0,0,10.9,0,0.2
104.9,0,0,0,10,0,-0.3
105,0,0,0,9.3,0,0.2
105.1,0,0,0,8.8,0,0.2
105.2,0,0,0,8.2,0,-0.4
105.3,0,0,0,7.6,0,1
105.4,0,0,0,7,0,1.3
