time_ms,ax_raw,ay_raw,az_raw,gx_raw,gy_raw,gz_raw
72903,-1.26,-0.02,-0.05,0.03,-0.00,-0.07
72904,-1.26,-0.02,0.05,0.03,-0.00,-0.07
72905,-1.36,-0.02,-0.26,0.13,-0.00,0.04
72906,-1.16,-0.02,-0.05,0.03,-0.11,-0.07
72907,-1.16,-0.02,0.16,0.03,-0.11,-0.07
72908,-1.26,-0.02,-0.47,0.13,0.10,-0.07
72909,-1.16,-0.13,-0.05,0.03,-0.00,-0.17
72910,-1.16,-0.02,0.26,-0.18,-0.21,-0.17
72911,-1.26,0.19,-0.36,-0.08,-0.00,-0.17
72912,-1.26,-0.23,-0.16,0.03,-0.00,-0.07
72913,-1.26,0.08,0.16,0.03,-0.11,-0.07
72914,-1.16,0.08,-0.16,0.03,-0.21,0.04
72915,-1.26,-0.23,-0.16,0.03,-0.00,-0.07
72916,-1.36,-0.13,-0.05,-0.08,-0.00,-0.07
72917,-1.16,0.08,-0.16,0.03,-0.11,-0.07
72918,-1.16,-0.23,-0.16,0.03,-0.11,-0.07
72919,-1.36,-0.02,0.05,-0.08,-0.11,-0.17
72920,-1.05,0.08,-0.05,-0.08,-0.00,-0.07
72921,-1.36,-0.02,-0.26,0.13,-0.11,0.04
72922,-1.26,-0.13,0.26,0.03,-0.11,0.04
72923,-1.05,-0.02,-0.16,0.03,-0.11,-0.17
72924,-1.57,0.08,-0.16,0.03,-0.11,-0.07
72925,-1.36,-0.13,0.05,0.03,-0.11,0.04
72926,-0.95,-0.13,-0.16,0.03,-0.11,-0.07
72927,-1.47,-0.02,-0.16,0.03,-0.11,-0.07
72928,-1.36,-0.02,0.05,0.03,-0.00,0.04
72929,-0.95,-0.13,-0.16,0.03,-0.21,-0.07
72930,-1.47,-0.02,-0.26,-0.08,-0.11,-0.07
72931,-1.26,-0.02,0.05,0.13,-0.00,0.04
72932,-0.84,-0.02,-0.16,0.03,-0.21,0.04
72933,-1.68,-0.02,-0.26,-0.08,-0.11,-0.07
72934,-1.16,-0.23,0.05,-0.08,-0.00,0.04
72935,-1.16,-0.02,-0.05,-0.08,-0.11,-0.07
72936,-1.57,0.08,-0.26,0.03,-0.11,-0.07
72937,-1.26,-0.13,-0.05,0.03,-0.00,-0.17
72938,-0.95,-0.13,0.05,-0.08,-0.11,-0.17
72939,-1.36,0.19,-0.26,0.03,-0.21,-0.07
72940,-1.16,-0.02,-0.05,-0.08,-0.00,-0.07
72941,-1.26,-0.23,-0.05,0.03,-0.21,-0.07
72942,-1.36,0.08,-0.16,0.03,-0.11,-0.07
72943,-0.95,0.08,-0.05,0.03,-0.11,-0.17
72944,-1.36,-0.23,0.05,0.03,-0.00,-0.07
72945,-1.26,0.08,-0.36,0.03,-0.11,-0.07
72946,-1.05,0.08,-0.05,0.03,-0.21,-0.17
72947,-1.47,-0.13,-0.05,0.13,-0.00,0.04
72948,-1.36,-0.13,-0.16,0.03,0.10,0.04
72949,-0.95,-0.02,-0.16,-0.08,-0.00,-0.07
72950,-1.36,0.08,0.16,-0.18,-0.11,-0.07
72951,-1.26,-0.13,-0.16,-0.08,-0.21,-0.17
72952,-1.05,-0.02,-0.05,-0.08,-0.21,-0.17
72953,-1.26,-0.02,0.05,-0.08,-0.21,-0.07
72954,-1.26,0.08,-0.16,-0.08,-0.00,-0.07
72955,-1.16,-0.02,-0.26,0.03,-0.00,-0.07
72956,-1.36,-0.13,0.05,0.03,-0.11,-0.07
72957,-1.16,-0.02,-0.05,0.13,-0.11,-0.07
72958,-1.26,0.08,-0.26,0.13,-0.11,-0.07
72959,-1.16,-0.23,0.05,0.13,-0.11,0.04
72960,-1.36,-0.02,-0.05,-0.08,-0.21,0.04
72961,-1.16,0.19,-0.36,-0.08,-0.00,-0.17
72962,-1.36,-0.13,0.05,0.03,-0.00,-0.17
72963,-1.26,-0.13,-0.26,0.13,-0.00,-0.07
72964,-1.05,-0.02,-0.26,-0.08,-0.11,-0.07
72965,-1.16,-0.02,0.16,-0.08,-0.11,-0.07
72966,-1.36,-0.13,-0.05,0.03,-0.00,0.04
72967,-1.26,0.08,-0.36,0.03,-0.11,-0.07
72968,-1.05,-0.02,0.16,0.03,-0.21,-0.17
72969,-1.36,0.08,0.05,0.13,0.10,0.04
72970,-1.26,-0.02,-0.26,0.03,-0.00,-0.07
72971,-1.26,-0.13,0.05,0.03,-0.11,-0.07
72972,-1.26,0.08,0.16,0.03,-0.21,-0.07
72973,-1.26,-0.13,-0.36,-0.08,-0.11,-0.07
72974,-1.36,-0.23,-0.16,0.13,-0.11,0.04
72975,-1.16,-0.02,0.05,0.03,-0.11,0.04
72976,-1.16,-0.02,-0.36,0.03,-0.00,-0.17
72977,-1.36,-0.13,0.05,0.03,-0.00,-0.17
72978,-1.05,0.08,-0.05,0.03,-0.11,-0.07
72979,-1.05,-0.23,-0.26,0.13,-0.11,0.04
72980,-1.57,-0.02,0.05,0.03,-0.11,0.04
72981,-1.26,0.08,0.05,0.03,-0.11,0.04
72982,-1.05,-0.13,-0.26,-0.08,-0.11,-0.07
72983,-1.57,-0.02,-0.05,0.03,-0.00,-0.07
72984,-1.05,-0.02,0.05,0.03,-0.00,0.04
72985,-1.05,-0.02,-0.26,-0.08,-0.11,-0.07
72986,-1.57,0.08,-0.16,0.03,-0.11,0.04
72987,-1.05,-0.13,0.05,0.13,-0.11,-0.17
72988,-1.05,-0.13,-0.16,0.13,-0.11,0.04
72989,-1.47,0.08,-0.26,0.03,-0.00,0.04
72990,-1.05,-0.13,0.05,-0.08,-0.11,-0.07
72991,-1.26,-0.23,-0.26,0.03,-0.11,-0.07
72992,-1.57,0.29,-0.16,-0.08,-0.11,-0.17
72993,-1.05,-0.13,0.05,0.03,-0.11,0.04
72994,-1.47,-0.13,-0.16,0.03,-0.11,0.04
72995,-1.36,0.19,-0.05,0.03,-0.11,-0.17
72996,-1.05,-0.23,-0.05,-0.08,-0.11,-0.07
72997,-1.36,-0.13,-0.05,0.03,-0.11,-0.07
72998,-1.16,0.29,-0.16,-0.08,-0.11,-0.17
72999,-1.26,-0.13,-0.05,0.13,-0.00,-0.07
73000,-1.47,-0.13,-0.05,0.03,-0.11,-0.17
73001,-1.16,0.08,-0.36,-0.08,-0.11,-0.07
73002,-1.16,0.08,0.05,0.03,-0.11,0.04
73003,-1.47,-0.13,0.05,0.03,-0.00,-0.07
73004,-1.16,0.19,-0.36,0.03,-0.11,-0.17
73005,-1.26,-0.13,-0.05,-0.08,-0.00,-0.17
73006,-1.47,-0.02,0.05,0.13,-0.00,0.04
73007,-1.05,0.08,-0.26,0.03,-0.11,-0.07
73008,-1.05,-0.23,0.05,0.03,-0.00,-0.07
73009,-1.36,-0.02,0.05,-0.08,-0.00,0.04
73010,-1.16,-0.13,-0.36,0.03,-0.00,-0.07
73011,-1.26,-0.13,-0.05,-0.08,-0.11,0.04
73012,-1.36,-0.13,-0.05,0.13,0.10,0.04
73013,-1.26,0.08,-0.05,-0.08,-0.00,-0.17
73014,-1.16,0.08,-0.16,0.03,-0.11,-0.07
73015,-1.36,-0.02,0.16,0.03,-0.11,0.04
73016,-1.36,-0.02,-0.16,0.03,-0.00,-0.07
73017,-1.26,0.08,-0.36,0.13,-0.11,-0.07
73018,-1.16,-0.13,0.16,0.03,-0.00,-0.17
73019,-1.26,-0.02,-0.16,0.13,-0.11,-0.17
73020,-1.05,-0.13,-0.26,-0.08,-0.00,-0.07
73021,-1.16,-0.13,0.26,0.03,-0.00,0.04
73022,-1.36,-0.02,-0.16,0.03,-0.00,-0.07
73023,-1.16,-0.13,-0.36,0.03,-0.11,-0.17
73024,-1.26,0.08,0.16,0.03,-0.11,-0.07
73025,-1.26,-0.02,-0.05,-0.08,-0.11,-0.07
73026,-1.16,-0.02,-0.16,-0.08,-0.11,-0.07
73027,-1.26,-0.02,0.16,-0.18,-0.21,-0.17
73028,-1.16,0.29,-0.05,0.03,-0.11,-0.17
73029,-1.36,-0.13,-0.36,-0.08,-0.11,0.04
73030,-1.36,-0.23,0.05,0.03,-0.11,-0.17
73031,-1.26,0.08,0.05,0.03,-0.11,-0.07
73032,-1.16,-0.23,-0.36,0.03,-0.11,-0.07
73033,-1.57,-0.13,0.05,0.03,-0.00,-0.07
73034,-1.05,-0.02,0.05,0.03,-0.00,0.04
73035,-1.26,-0.02,-0.36,0.03,-0.00,-0.07
73036,-1.47,-0.02,0.05,0.03,-0.11,-0.07
73037,-0.95,-0.02,0.05,-0.08,-0.11,-0.07
73038,-1.26,-0.13,-0.26,0.03,-0.00,-0.07
73039,-1.47,0.08,0.16,0.03,-0.11,0.04
73040,-0.95,-0.02,-0.05,0.03,-0.21,-0.17
73041,-1.36,-0.02,-0.26,0.03,-0.11,0.04
73042,-1.26,-0.02,0.05,-0.08,-0.00,-0.17
73043,-1.05,-0.02,-0.05,0.03,-0.11,-0.07
73044,-1.36,-0.13,-0.26,0.03,-0.11,0.04
73045,-1.36,0.08,0.05,0.03,-0.00,-0.17
73046,-0.84,-0.13,-0.05,0.03,-0.11,-0.07
73047,-1.68,0.08,-0.16,0.03,-0.00,0.04
73048,-1.36,0.08,-0.16,0.03,-0.11,0.04
73049,-1.16,-0.23,-0.05,0.03,-0.11,0.04
73050,-1.47,-0.02,-0.16,0.03,-0.00,-0.17
73051,-1.16,0.08,-0.05,0.03,-0.11,-0.07
73052,-1.16,-0.23,-0.05,0.03,-0.00,-0.07
73053,-1.47,-0.13,-0.36,0.03,-0.21,-0.07
73054,-0.95,0.08,-0.16,0.03,-0.11,-0.07
73055,-1.36,-0.13,0.16,0.03,-0.11,-0.07
73056,-1.47,-0.02,-0.26,0.03,-0.00,-0.07
73057,-0.95,0.08,-0.05,0.03,-0.21,-0.17
73058,-1.26,-0.02,0.05,-0.08,-0.00,-0.07
73059,-1.47,-0.02,-0.16,0.13,-0.11,-0.07
73060,-0.95,0.19,-0.26,0.03,-0.21,-0.07
73061,-1.36,-0.02,-0.05,-0.08,-0.21,-0.17
73062,-1.36,-0.13,-0.05,0.03,-0.00,0.04
73063,-1.05,0.08,-0.36,0.03,-0.11,0.14
73064,-1.16,-0.02,0.05,-0.08,-0.11,-0.07
73065,-1.26,-0.13,-0.05,0.03,-0.11,-0.07
73066,-1.05,0.08,-0.26,0.13,-0.21,-0.17
73067,-1.26,-0.02,0.05,-0.08,-0.00,-0.07
73068,-1.26,-0.13,-0.05,0.13,-0.00,-0.07
73069,-1.16,0.08,-0.16,-0.08,-0.00,0.04
73233,-1.16,0.08,-0.26,0.03,-0.00,-0.07
73234,-1.36,-0.13,-0.05,-0.18,-0.11,-0.17
73235,-1.16,-0.13,-0.05,0.03,-0.11,-0.07
73236,-1.16,0.19,-0.26,0.03,0.10,-0.07
73237,-1.26,-0.02,0.05,-0.08,-0.11,-0.17
73238,-1.26,-0.13,-0.05,0.03,-0.11,-0.07
73239,-1.36,-0.02,-0.47,0.03,-0.00,-0.07
73240,-1.16,-0.13,0.05,0.03,-0.11,-0.07
73241,-1.26,-0.02,0.05,0.03,-0.11,-0.17
73242,-1.16,-0.02,-0.47,-0.08,-0.00,-0.07
73243,-1.16,-0.13,0.16,-0.08,-0.11,-0.07
73244,-1.26,-0.02,0.05,0.03,-0.11,-0.28
73245,-1.26,0.08,-0.26,0.03,-0.11,-0.07
73246,-1.16,-0.13,0.05,0.03,-0.00,0.04
73247,-1.36,0.08,-0.05,0.13,-0.00,-0.07
73248,-1.16,0.08,-0.16,0.03,-0.11,-0.07
73249,-1.16,-0.13,-0.05,-0.08,-0.21,-0.17
73250,-1.36,-0.02,0.05,0.03,-0.11,0.04
73251,-1.05,0.08,-0.16,0.03,-0.21,-0.07
73252,-1.26,-0.23,-0.05,0.03,-0.11,-0.17
73253,-1.16,-0.02,0.16,0.03,-0.00,-0.07
73254,-1.16,-0.13,-0.26,0.03,-0.00,-0.07
73255,-1.47,-0.13,-0.16,0.03,-0.00,-0.07
73256,-1.26,-0.13,0.16,0.13,-0.00,-0.17
73257,-1.16,-0.02,-0.36,0.03,-0.11,-0.07
73258,-1.47,0.08,-0.05,-0.08,-0.11,-0.07
73259,-1.26,-0.02,-0.05,-0.08,-0.11,0.04
73260,-0.95,-0.02,-0.26,-0.08,-0.11,-0.07
73261,-1.47,0.08,-0.05,0.13,-0.00,-0.07
73262,-1.36,0.08,0.05,0.13,-0.11,-0.07
73263,-0.95,-0.13,-0.16,-0.08,-0.00,-0.07
73264,-1.57,-0.02,-0.16,0.03,-0.11,0.04
73265,-1.16,-0.02,0.05,0.03,-0.00,-0.07
73266,-1.05,-0.23,-0.16,0.03,-0.11,-0.07
73267,-1.47,0.08,-0.16,-0.08,-0.11,-0.17
73268,-1.26,-0.13,0.05,0.03,-0.00,-0.07
73269,-1.26,-0.02,-0.16,-0.08,-0.11,-0.07
73270,-1.47,0.08,-0.16,0.03,-0.11,-0.07
73271,-1.05,-0.13,-0.05,0.03,-0.00,-0.07
73272,-1.16,-0.13,-0.05,0.03,-0.11,0.04
73273,-1.36,0.29,-0.05,-0.08,-0.11,-0.07
73274,-0.95,-0.13,-0.05,0.13,-0.11,0.04
73275,-1.26,-0.13,0.05,0.03,-0.00,-0.17
73276,-1.36,0.19,-0.16,0.03,0.10,-0.07
73277,-1.05,-0.02,0.05,0.03,-0.11,0.04
73278,-1.47,-0.13,0.05,0.03,-0.11,-0.07
73279,-1.16,-0.02,-0.26,0.03,-0.00,-0.07
73280,-1.05,-0.02,0.05,0.03,-0.11,-0.07
73281,-1.36,-0.02,0.16,-0.08,-0.11,-0.07
73282,-1.26,0.08,-0.36,0.03,-0.11,0.04
73283,-1.05,0.08,-0.05,0.03,-0.11,-0.07
73284,-1.36,-0.02,0.05,-0.08,-0.11,-0.07
73285,-1.16,-0.02,-0.16,0.03,-0.11,-0.07
73286,-1.05,-0.02,-0.05,-0.08,-0.21,-0.07
73287,-1.36,-0.02,0.26,-0.08,-0.11,-0.17
73288,-1.16,-0.02,-0.16,0.03,-0.00,0.04
73289,-1.16,-0.02,-0.16,0.03,-0.11,-0.07
73290,-1.26,-0.02,-0.05,-0.18,-0.11,0.04
73291,-1.26,0.08,-0.05,0.03,-0.11,-0.07
73292,-1.26,0.08,-0.16,0.03,-0.11,-0.07
73293,-1.36,-0.13,0.05,0.03,-0.21,-0.07
73294,-1.26,-0.02,-0.05,-0.08,-0.00,-0.07
73295,-1.16,0.08,-0.16,0.03,-0.11,-0.17
73296,-1.36,-0.23,0.05,0.03,-0.00,0.04
73297,-1.26,-0.13,-0.05,0.13,-0.21,-0.07
73298,-1.16,-0.02,-0.26,0.03,-0.00,-0.07
73299,-1.16,-0.13,0.05,0.03,-0.00,-0.07
73300,-1.36,-0.02,0.05,-0.08,-0.11,-0.17
73301,-1.05,0.08,-0.26,-0.08,-0.21,-0.07
73302,-1.05,-0.02,0.05,0.03,-0.11,-0.07
73303,-1.36,0.19,0.05,-0.08,-0.00,-0.07
73304,-1.26,-0.13,-0.36,0.03,-0.00,-0.07
73305,-1.26,-0.13,0.05,0.03,-0.11,-0.07
73306,-1.16,0.19,0.05,0.03,-0.11,-0.07
73307,-1.16,-0.02,-0.36,0.03,-0.00,-0.07
73308,-1.26,-0.23,0.05,0.03,-0.11,0.04
73309,-1.26,-0.13,0.05,0.13,-0.00,0.04
73310,-1.05,-0.02,-0.26,-0.08,-0.11,-0.07
73311,-1.36,-0.23,0.05,0.03,-0.11,-0.07
73312,-1.16,0.08,-0.05,0.03,-0.11,-0.17
73313,-1.16,-0.13,-0.47,-0.08,-0.11,-0.07
73314,-1.57,-0.02,-0.05,-0.08,-0.11,0.04
73315,-1.26,-0.02,0.05,0.03,-0.00,0.04
73316,-1.05,-0.13,-0.36,-0.08,-0.11,0.04
73317,-1.47,-0.02,0.05,-0.08,-0.11,-0.07
73318,-1.05,-0.13,-0.05,0.03,-0.11,-0.07
73319,-1.16,-0.02,-0.26,0.03,-0.11,-0.07
73320,-1.57,-0.02,-0.05,0.03,-0.00,-0.07
73321,-0.95,-0.02,0.05,0.03,-0.11,-0.07
73322,-1.16,-0.02,-0.36,0.13,-0.11,0.04
73323,-1.47,0.08,0.16,0.03,-0.11,-0.07
73324,-1.05,-0.13,-0.05,0.03,-0.11,0.04
73325,-1.36,-0.13,-0.26,-0.08,-0.11,-0.07
73326,-1.36,0.39,0.05,-0.08,-0.21,-0.17
73327,-1.05,-0.13,-0.05,0.03,-0.00,-0.07
73328,-1.36,-0.13,-0.16,0.13,-0.21,0.04
73329,-1.16,0.19,-0.05,0.03,-0.21,-0.07
73330,-0.95,-0.23,-0.05,0.03,-0.11,-0.07
73331,-1.47,-0.23,-0.05,-0.08,-0.00,-0.17
73332,-1.16,0.19,-0.16,0.03,-0.00,0.04
73333,-1.16,-0.23,0.05,0.03,-0.00,0.04
73334,-1.26,-0.02,-0.05,-0.08,-0.11,-0.07
73335,-1.16,0.19,-0.16,0.03,-0.00,-0.17
73336,-1.26,-0.02,0.16,0.03,-0.11,-0.07
73337,-1.47,-0.02,-0.16,0.03,-0.11,-0.07
73338,-0.95,0.29,-0.26,0.03,-0.00,-0.17
73339,-1.26,-0.02,0.16,0.03,-0.11,-0.07
73340,-1.36,0.08,0.05,0.03,-0.00,-0.17
73341,-1.05,0.08,-0.36,-0.08,-0.11,-0.17
73342,-1.26,-0.13,0.16,-0.18,-0.00,-0.07
73343,-1.26,0.08,-0.05,0.03,-0.11,0.04
73344,-1.26,-0.02,-0.16,0.03,-0.00,-0.07
73345,-1.16,-0.13,-0.05,0.03,-0.00,-0.17
73346,-1.36,-0.13,0.05,-0.08,-0.00,-0.07
73347,-1.16,0.08,-0.16,-0.08,-0.00,0.04
73348,-1.26,0.08,-0.05,-0.08,-0.11,-0.17
73349,-1.36,-0.13,0.05,0.03,-0.11,0.04
73350,-1.26,0.08,-0.26,-0.08,-0.11,0.04
73351,-1.26,-0.02,-0.05,0.03,-0.00,-0.07
73352,-1.16,-0.23,0.16,0.03,-0.11,-0.07
73353,-1.36,-0.02,-0.16,0.03,-0.00,-0.17
73354,-1.05,-0.13,-0.16,-0.08,-0.11,0.04
73355,-1.16,-0.02,0.16,-0.08,-0.11,-0.07
73356,-1.26,-0.02,-0.16,0.03,-0.00,-0.07
73357,-1.16,-0.13,-0.16,0.03,-0.11,-0.07
73358,-1.26,-0.13,0.16,0.13,-0.11,0.04
73359,-1.26,0.08,-0.05,0.03,-0.00,-0.17
73360,-1.16,-0.13,-0.16,-0.08,0.10,-0.07
73361,-1.26,-0.02,-0.05,0.03,-0.00,-0.07
73362,-1.26,0.19,-0.05,0.03,-0.11,0.04
73363,-1.16,-0.13,-0.26,0.03,-0.11,0.04
73364,-1.26,-0.23,0.16,0.03,-0.00,-0.07
73365,-1.05,0.08,-0.05,0.03,-0.00,-0.07
73366,-1.26,-0.13,-0.26,0.03,-0.11,0.04
73367,-1.36,-0.13,0.05,0.03,-0.11,0.04
73368,-1.05,0.08,-0.05,-0.08,-0.21,-0.07
73369,-1.36,0.08,-0.26,0.03,-0.21,0.04
73370,-1.47,-0.02,0.05,0.03,-0.11,-0.07
73371,-1.05,-0.02,-0.05,0.03,-0.21,-0.07
73372,-1.26,-0.02,-0.16,0.03,-0.11,0.04
73373,-1.36,0.08,0.16,-0.08,-0.21,-0.07
73374,-1.05,-0.13,-0.05,-0.08,-0.00,-0.07
73375,-1.36,-0.13,-0.36,0.03,-0.11,-0.07
73376,-1.36,0.08,0.26,0.03,-0.11,-0.07
73377,-0.95,-0.02,0.05,0.03,-0.11,-0.07
73378,-1.47,-0.13,-0.26,0.13,-0.11,-0.07
73379,-1.16,-0.02,-0.05,0.03,-0.11,-0.17
73380,-0.95,0.08,0.05,0.03,-0.21,-0.17
73381,-1.68,-0.02,-0.26,0.13,-0.11,0.04
73382,-1.36,0.08,-0.05,0.03,-0.11,0.04
73383,-1.05,-0.23,-0.05,0.03,-0.21,-0.07
73384,-1.47,0.08,-0.26,0.03,-0.00,0.04
73385,-1.05,0.08,-0.16,0.03,-0.00,-0.07
73386,-1.16,-0.13,-0.05,0.03,-0.11,0.04
73387,-1.36,0.08,-0.26,0.13,-0.11,-0.07
73388,-1.05,0.29,-0.05,0.03,-0.00,-0.17
73389,-1.36,-0.23,-0.05,-0.18,-0.00,-0.07
73390,-1.36,0.08,-0.16,-0.08,-0.00,-0.17
73391,-0.95,0.08,-0.16,0.03,-0.00,-0.07
73392,-1.36,-0.02,0.16,-0.08,-0.11,0.04
73393,-1.36,-0.02,-0.05,0.03,-0.11,-0.17
73394,-1.05,-0.02,-0.36,0.13,0.10,0.04
73395,-1.47,-0.23,-0.05,0.03,-0.11,0.04
73396,-1.26,-0.02,-0.16,-0.08,-0.11,-0.07
73397,-1.16,-0.02,-0.26,0.03,-0.00,0.04
73398,-1.26,-0.23,0.16,0.13,-0.11,0.04
73399,-1.36,-0.13,-0.26,0.03,-0.11,-0.07
73400,-1.05,0.29,-0.16,0.13,0.10,-0.07
73401,-1.26,-0.02,-0.05,0.03,-0.11,-0.07
73402,-1.36,-0.13,-0.16,0.13,-0.00,0.04
73403,-1.26,0.08,-0.26,0.03,-0.11,-0.17
73404,-1.36,-0.13,0.05,0.13,-0.00,0.04
73405,-1.26,-0.02,-0.05,0.13,-0.11,-0.07
73406,-1.26,-0.02,-0.36,0.03,0.10,0.04
73407,-1.16,-0.02,0.05,-0.08,-0.11,-0.17
73408,-1.26,-0.02,-0.05,0.03,-0.00,0.04
73409,-1.16,-0.02,-0.16,-0.08,-0.00,-0.07
73410,-1.05,-0.13,0.05,-0.08,-0.21,-0.07
73411,-1.36,-0.13,0.05,0.03,-0.00,-0.17
73412,-1.26,-0.02,-0.16,-0.18,-0.21,-0.28
73413,-1.16,-0.13,-0.16,0.03,-0.21,-0.07
73414,-1.26,-0.02,0.16,-0.08,-0.00,0.04
73415,-1.36,-0.02,-0.26,0.03,-0.00,-0.17
73416,-1.16,-0.23,-0.16,0.03,-0.00,-0.07
73417,-1.36,0.08,0.26,0.03,-0.21,0.04
73418,-1.26,-0.02,-0.36,0.03,-0.00,0.04
73419,-1.26,-0.23,-0.05,0.03,-0.00,0.04
73420,-1.26,-0.23,-0.05,0.03,-0.00,0.04
73421,-0.95,0.08,-0.26,0.03,-0.11,-0.17
73422,-1.36,-0.13,0.05,0.03,-0.11,-0.17
73423,-1.26,-0.02,0.05,0.13,-0.11,0.04
73424,-1.05,-0.02,-0.26,-0.08,-0.11,-0.07
73425,-1.47,-0.02,-0.05,0.03,-0.11,-0.17
73426,-1.16,0.08,0.05,-0.08,-0.21,-0.17
73427,-1.05,-0.02,-0.16,-0.08,-0.11,-0.17
73428,-1.57,-0.02,-0.05,0.03,-0.11,0.04
73429,-1.26,0.08,0.16,-0.08,-0.21,-0.07
73430,-0.84,-0.13,-0.26,0.03,-0.21,-0.07
73431,-1.57,0.08,-0.16,0.13,-0.11,0.04
73432,-1.05,-0.13,0.26,0.03,-0.21,-0.17
73433,-1.05,-0.02,-0.16,0.03,-0.11,-0.17
73434,-1.47,0.19,-0.16,-0.08,-0.21,-0.17
73435,-0.95,-0.13,0.26,-0.08,-0.21,-0.07
73436,-1.16,-0.02,-0.16,0.03,-0.00,-0.07
73437,-1.47,0.19,-0.26,0.03,-0.21,-0.07
73438,-1.05,-0.02,0.05,-0.08,-0.21,-0.07
73439,-1.05,-0.13,-0.05,0.03,-0.21,-0.07
73440,-1.47,0.08,-0.16,0.03,-0.00,-0.17
73441,-1.05,-0.23,-0.05,0.13,-0.00,0.04
73442,-1.26,-0.23,-0.05,-0.08,-0.11,-0.07
73443,-1.26,0.08,-0.16,0.03,-0.00,-0.07
73444,-1.05,-0.02,-0.16,0.03,-0.00,0.04
73445,-1.47,-0.23,0.05,0.03,-0.11,0.04
73446,-1.26,-0.02,-0.36,0.13,-0.00,0.04
73447,-1.05,0.08,0.05,-0.08,-0.00,0.04
73448,-1.47,-0.13,0.16,0.03,-0.21,-0.07
73449,-1.26,-0.02,-0.57,0.23,-0.00,0.14
73450,-0.95,-0.02,0.05,0.03,-0.11,-0.17
73451,-1.36,0.19,0.16,-0.08,-0.21,-0.17
73452,-1.26,-0.02,-0.16,-0.08,-0.00,-0.07
73453,-1.05,-0.13,-0.05,0.03,-0.00,-0.07
73454,-1.36,-0.02,0.05,0.03,-0.00,-0.07
73455,-1.26,-0.13,-0.05,0.13,-0.00,-0.07
73456,-1.36,-0.02,-0.16,0.03,-0.00,-0.17
73457,-1.26,-0.02,0.05,-0.08,-0.21,-0.17
73458,-1.26,-0.13,-0.16,0.03,-0.11,0.04
73459,-1.36,-0.02,-0.16,0.13,-0.00,0.04
73460,-1.16,-0.13,0.16,-0.08,-0.11,-0.07
73461,-1.36,-0.13,-0.16,0.03,0.10,0.04
73462,-1.16,0.08,-0.16,-0.08,-0.11,-0.07
73463,-1.16,-0.02,0.26,-0.08,-0.21,-0.17
73464,-1.26,-0.13,-0.26,0.03,-0.00,0.14
73465,-1.16,-0.13,-0.26,0.03,0.21,0.04
73466,-1.26,-0.13,0.05,0.03,-0.00,0.04
73467,-1.36,0.08,-0.05,0.03,-0.00,-0.07
73468,-1.16,-0.02,-0.26,0.03,-0.00,-0.07
73469,-1.05,-0.13,0.05,-0.08,-0.00,-0.07
73470,-1.26,0.19,0.16,-0.08,-0.11,-0.07
73471,-1.26,-0.02,-0.16,0.13,-0.00,-0.07
73472,-1.26,-0.13,-0.05,0.03,-0.00,-0.07
73473,-1.16,-0.02,0.05,0.03,-0.11,-0.07
73474,-1.16,-0.02,-0.26,0.03,-0.21,-0.07
73475,-1.26,-0.23,-0.05,0.03,-0.21,0.04
73476,-1.26,-0.02,0.16,-0.08,-0.00,-0.28
73477,-1.26,-0.13,-0.47,0.03,-0.11,-0.07
73478,-1.26,-0.13,0.05,-0.18,-0.11,-0.17
73479,-1.16,0.08,0.16,0.03,-0.21,-0.07
73480,-1.26,0.08,-0.36,0.03,-0.11,-0.07
73481,-1.36,-0.02,0.16,-0.08,-0.21,-0.17
73482,-1.16,-0.02,0.05,-0.08,-0.11,0.04
73483,-1.05,-0.02,-0.16,-0.08,-0.11,-0.17
73484,-1.47,-0.02,0.16,0.03,-0.00,-0.07
73485,-1.16,-0.02,-0.05,0.03,-0.00,-0.17
73486,-1.05,-0.13,-0.16,0.03,-0.11,0.04
73487,-1.47,-0.02,0.05,0.03,-0.11,-0.07
73488,-1.05,-0.02,-0.05,0.13,-0.11,-0.07
73489,-1.05,-0.23,-0.16,0.03,-0.11,-0.07
73490,-1.57,0.08,-0.16,-0.08,-0.11,-0.07
73491,-1.05,-0.02,0.05,-0.08,-0.11,-0.07
73492,-1.26,-0.13,-0.26,-0.08,-0.00,0.04
73493,-1.47,0.39,-0.05,0.03,-0.11,-0.17
73494,-0.95,-0.13,0.05,0.13,-0.11,-0.07
73495,-1.57,-0.13,-0.16,0.03,-0.00,-0.17
73496,-1.26,0.29,-0.05,0.03,-0.11,-0.07
73497,-1.05,-0.23,0.05,0.03,-0.21,-0.07
73498,-1.26,-0.13,-0.16,-0.08,-0.11,-0.17
73499,-1.16,0.29,-0.16,0.03,-0.11,-0.07
73500,-1.16,-0.02,-0.05,0.13,-0.11,0.04
73501,-1.26,-0.13,-0.05,-0.08,-0.21,-0.07
73502,-1.16,0.19,-0.16,-0.08,-0.11,-0.07
73503,-1.16,-0.13,-0.05,0.03,-0.11,-0.07
73504,-1.57,-0.13,-0.05,0.03,-0.00,-0.17
73505,-1.16,0.19,-0.36,-0.18,-0.11,-0.17
73506,-1.16,-0.23,-0.05,0.03,-0.00,-0.07
73507,-1.36,0.08,0.05,-0.08,-0.11,-0.17
73508,-1.16,-0.02,-0.26,-0.08,-0.00,-0.07
73509,-1.16,-0.02,0.05,-0.08,-0.11,-0.17
73510,-1.36,-0.02,0.05,0.13,-0.00,-0.07
73511,-1.16,0.08,-0.47,-0.08,-0.11,0.04
73512,-1.16,-0.13,0.05,0.13,-0.11,0.04
73513,-1.26,-0.02,0.16,-0.08,-0.00,0.04
73514,-1.36,0.08,-0.26,0.03,-0.00,-0.07
73515,-1.16,-0.13,-0.16,-0.08,-0.00,-0.17
73516,-1.36,-0.02,0.05,0.03,-0.11,-0.07
73517,-1.16,0.19,-0.16,-0.08,-0.11,-0.07
73518,-1.16,0.08,0.05,0.03,-0.11,-0.17
73519,-1.16,-0.13,0.05,0.03,-0.21,-0.07
73520,-1.36,-0.23,-0.05,0.03,-0.11,-0.07
73521,-1.16,0.08,-0.16,0.13,-0.21,-0.07
73522,-1.16,-0.23,0.26,0.03,-0.00,-0.07
73523,-1.36,-0.02,-0.16,0.03,-0.11,0.04
73524,-1.16,-0.13,-0.26,0.03,-0.00,-0.07
73525,-1.16,-0.02,0.26,-0.18,-0.11,-0.17
73526,-1.26,-0.02,-0.16,0.03,-0.11,-0.07
73527,-1.26,-0.13,-0.26,0.03,-0.11,-0.07
73528,-1.26,-0.23,0.05,0.13,-0.00,-0.07
73529,-1.16,0.19,-0.05,0.03,-0.11,-0.07
73530,-1.26,-0.13,-0.05,0.03,-0.21,-0.17
73531,-1.26,-0.23,0.16,0.03,-0.00,-0.07
73532,-1.16,0.19,-0.05,-0.08,-0.11,-0.07
73533,-1.16,0.08,-0.36,0.03,-0.11,-0.17
73534,-1.47,-0.02,0.16,0.03,-0.11,-0.07
73535,-1.16,-0.02,-0.16,0.03,-0.11,-0.07
73536,-1.16,0.08,-0.36,-0.08,-0.00,-0.07
73537,-1.57,-0.13,0.16,0.03,-0.00,0.04
73538,-1.05,-0.02,-0.05,0.03,-0.00,-0.07
73539,-1.26,-0.02,-0.36,-0.08,-0.11,-0.07
73540,-1.36,-0.02,0.05,-0.08,-0.11,-0.17
73541,-1.05,-0.13,0.05,-0.08,-0.00,-0.07
73542,-1.36,-0.02,-0.26,0.03,-0.11,-0.17
73543,-1.26,-0.02,0.16,0.03,-0.21,-0.17
73544,-0.95,-0.02,0.05,0.03,-0.11,-0.17
73545,-1.26,-0.02,-0.26,0.03,-0.21,-0.07
73546,-1.47,0.08,0.16,-0.08,-0.11,-0.07
73547,-0.84,-0.02,0.05,-0.08,-0.11,-0.17
73548,-1.57,-0.02,-0.26,0.03,-0.11,-0.07
73549,-1.36,0.19,-0.05,0.03,-0.11,-0.07
73550,-1.16,-0.13,-0.05,-0.08,-0.00,0.04
73551,-1.36,-0.02,-0.26,0.03,-0.00,-0.07
73552,-1.26,-0.02,-0.16,0.03,-0.11,0.04
73553,-1.05,-0.13,0.16,-0.08,-0.21,-0.07
73554,-1.47,-0.13,-0.16,0.03,-0.11,0.04
73555,-0.95,0.19,-0.05,0.03,-0.21,-0.17
73556,-1.26,-0.23,0.16,-0.08,-0.21,-0.07
73557,-1.47,-0.02,-0.26,-0.08,-0.00,-0.07
73558,-0.95,0.19,-0.16,-0.08,-0.11,-0.07
73559,-1.36,-0.02,0.16,-0.08,-0.11,-0.17
73560,-1.47,-0.13,-0.26,0.13,-0.11,-0.07
73561,-1.05,0.19,-0.26,-0.08,-0.00,-0.17
73562,-1.26,-0.13,0.05,0.03,-0.11,0.04
73563,-1.36,-0.13,-0.16,0.03,-0.11,-0.17
73564,-0.95,0.08,-0.16,0.13,-0.11,0.04
73565,-1.36,-0.23,0.05,0.03,-0.00,-0.07
73566,-1.26,-0.13,-0.16,0.13,-0.11,-0.07
73567,-1.16,0.08,-0.16,0.03,-0.00,-0.17
73568,-1.26,-0.02,0.05,0.03,-0.00,-0.17
73569,-1.36,-0.13,-0.05,0.03,0.10,-0.07
73570,-1.16,-0.02,-0.36,0.03,-0.00,0.04
73571,-1.26,0.08,0.05,-0.08,-0.11,-0.17
73572,-1.16,-0.02,0.05,0.03,-0.11,-0.07
73573,-1.26,0.08,-0.26,0.03,-0.11,-0.17
73574,-1.16,-0.02,0.05,0.03,-0.00,-0.07
73575,-1.36,-0.13,0.05,0.03,-0.11,-0.17
73576,-1.26,-0.02,-0.36,0.13,-0.11,0.14
73577,-1.05,-0.13,0.05,0.03,-0.11,-0.28
73578,-1.36,-0.13,-0.05,-0.08,-0.11,-0.07
73579,-1.26,0.08,-0.16,-0.08,-0.00,-0.07
73580,-1.16,-0.13,-0.05,-0.08,-0.11,-0.07
73581,-1.16,-0.02,0.05,0.03,-0.00,-0.07
73582,-1.26,0.08,-0.05,0.03,-0.11,-0.07
73583,-1.36,-0.13,-0.26,0.03,-0.11,-0.07
73584,-1.26,-0.13,0.05,0.03,-0.11,-0.07
73585,-1.16,0.08,-0.16,0.13,-0.11,-0.17
73586,-1.26,-0.13,-0.26,0.03,-0.11,-0.07
73587,-1.26,-0.13,0.16,0.03,-0.21,0.04
73588,-1.05,0.19,-0.26,0.03,-0.21,-0.17
73589,-1.36,-0.13,-0.26,-0.08,-0.00,0.04
73590,-1.26,-0.02,0.26,0.03,-0.11,-0.17
73591,-1.16,-0.02,-0.36,-0.08,-0.11,-0.07
73592,-1.36,-0.02,-0.16,0.03,-0.11,0.04
73593,-1.26,-0.02,0.26,0.03,-0.21,-0.07
73594,-0.95,-0.02,-0.26,0.13,-0.11,-0.07
73595,-1.57,0.08,-0.05,0.03,-0.11,-0.07
73596,-1.47,-0.02,0.05,0.03,-0.11,0.04
73597,-0.95,-0.13,-0.05,0.03,-0.00,-0.07
73598,-1.47,-0.02,-0.16,-0.08,-0.11,-0.07
73599,-1.26,-0.02,0.16,0.03,-0.00,0.04
73600,-0.95,-0.13,-0.05,-0.08,-0.11,-0.07
73601,-1.68,-0.02,-0.26,-0.08,-0.00,-0.07
73602,-1.05,0.08,-0.05,0.03,-0.11,-0.17
73603,-1.26,-0.02,0.05,0.13,-0.11,0.04
73604,-1.57,0.19,-0.36,0.03,-0.11,0.04
73605,-1.26,-0.13,-0.05,-0.08,-0.11,-0.07
73606,-1.05,-0.13,-0.05,-0.08,-0.00,-0.07
73607,-1.57,0.19,-0.26,-0.08,-0.00,-0.17
73608,-1.05,-0.13,0.05,0.13,-0.11,-0.07
73609,-1.26,-0.23,-0.16,-0.08,-0.00,0.04
73610,-1.26,0.08,-0.26,0.03,-0.00,-0.07
73611,-0.95,0.08,0.05,-0.08,-0.00,-0.07
73612,-1.47,-0.23,-0.05,-0.08,-0.11,0.04
73613,-1.26,-0.13,-0.36,0.03,-0.11,0.04
73614,-1.05,0.08,-0.05,-0.08,-0.11,-0.07
73615,-1.68,-0.13,0.05,0.13,-0.00,-0.07
73616,-1.36,-0.02,-0.26,0.03,-0.21,0.04
73617,-1.05,-0.02,-0.26,-0.08,-0.00,-0.07
73618,-1.47,-0.23,0.16,0.03,0.10,0.04
73619,-1.36,-0.13,-0.36,0.13,-0.00,0.04
73620,-1.05,-0.02,-0.16,0.13,-0.00,0.04
73621,-1.36,-0.13,0.05,0.13,-0.00,0.04
73622,-1.26,-0.02,-0.16,0.03,-0.11,-0.07
73623,-1.05,0.08,-0.16,0.03,-0.11,0.04
73624,-1.26,-0.02,0.05,-0.08,-0.00,-0.07
73625,-1.16,-0.13,-0.05,0.03,-0.00,-0.07
73626,-1.26,0.08,-0.26,0.13,-0.11,-0.07
73627,-1.36,-0.02,-0.05,0.03,-0.00,0.04
73628,-1.16,-0.13,-0.05,0.03,-0.00,0.04
73629,-1.16,-0.02,-0.36,0.03,-0.11,-0.17
73630,-1.36,-0.23,0.16,0.13,-0.11,-0.07
73631,-1.26,-0.02,0.05,-0.08,-0.21,-0.17
73632,-1.05,0.08,-0.36,-0.18,-0.21,-0.17
73633,-1.16,-0.02,0.26,0.03,-0.21,-0.07
73634,-1.36,-0.13,0.05,0.13,-0.00,-0.07
73635,-1.16,-0.02,-0.26,0.03,-0.00,-0.07
73636,-1.16,-0.23,0.05,0.03,-0.00,-0.07
73637,-1.36,0.19,0.05,-0.18,-0.11,-0.07
73638,-1.26,-0.13,-0.16,0.03,-0.11,-0.17
73639,-1.16,-0.13,-0.05,0.13,-0.00,0.04
73640,-1.26,0.08,0.05,0.03,-0.00,-0.17
73641,-1.16,0.08,-0.26,0.03,-0.00,0.04
73642,-1.26,-0.13,-0.16,0.03,-0.21,-0.07
73643,-1.16,-0.13,-0.05,0.03,-0.11,-0.07
73644,-1.16,0.08,-0.26,0.03,-0.21,0.04
73645,-1.47,-0.02,-0.05,-0.08,-0.11,-0.07
73646,-1.16,-0.02,0.05,0.03,-0.11,-0.07
73647,-1.05,0.08,-0.26,-0.08,-0.11,-0.07
73648,-1.47,-0.13,-0.05,0.03,-0.00,-0.07
73649,-1.16,0.08,0.05,0.03,-0.00,-0.07
73650,-1.05,-0.23,-0.26,0.03,-0.00,0.14
73651,-1.47,-0.02,-0.05,0.03,-0.00,-0.17
73652,-1.05,-0.02,0.16,-0.08,-0.11,-0.07
73653,-1.05,-0.13,-0.26,0.03,-0.11,-0.17
73654,-1.68,-0.02,0.05,-0.08,-0.11,0.04
73655,-1.05,-0.13,0.05,0.13,-0.11,-0.07
73656,-1.16,-0.13,-0.26,0.03,-0.11,-0.17
73657,-1.68,0.19,-0.05,-0.08,-0.11,0.04
73658,-1.16,-0.23,0.05,0.03,-0.00,-0.07
73659,-0.95,-0.02,-0.16,-0.08,-0.21,-0.07
73660,-1.57,0.29,-0.16,0.03,-0.11,-0.07
73661,-1.05,-0.02,0.05,-0.08,-0.11,0.04
73662,-1.26,-0.33,-0.16,0.03,-0.11,0.04
73663,-1.47,0.29,-0.26,0.03,-0.00,0.04
73664,-0.95,-0.02,-0.05,0.03,-0.11,-0.07
73665,-1.36,-0.13,0.05,0.03,-0.11,-0.07
73666,-1.26,0.19,-0.16,-0.08,-0.11,-0.07
73667,-0.95,-0.02,-0.05,-0.08,-0.00,-0.17
73668,-1.47,-0.02,-0.05,0.03,-0.11,-0.07
73669,-1.36,0.19,-0.26,-0.08,-0.00,0.04
73670,-1.05,-0.13,-0.05,0.03,-0.11,-0.07
73671,-1.47,-0.13,-0.05,0.03,-0.11,-0.07
73672,-1.16,0.08,-0.26,0.03,-0.00,-0.17
73673,-0.95,-0.02,-0.05,0.03,-0.11,-0.07
73674,-1.57,-0.23,0.05,0.03,0.21,0.04
73675,-1.16,-0.02,-0.26,0.03,0.10,-0.28
73676,-1.05,-0.02,-0.05,0.03,0.10,-0.17
73677,-1.47,-0.02,-0.05,0.03,-0.11,0.04
73678,-1.16,-0.02,-0.05,0.13,-0.11,-0.07
73679,-1.16,-0.02,-0.26,0.03,-0.00,0.04
73680,-1.36,-0.02,0.05,0.03,-0.00,-0.07
73681,-1.26,0.08,-0.05,-0.08,-0.11,-0.07
73682,-1.05,-0.02,-0.26,0.03,-0.11,-0.07
73795,-1.05,0.29,0.68,0.03,0.10,-0.17
73795,-1.68,-0.13,0.16,0.13,-0.00,-0.28
73796,-1.36,-0.02,0.05,-0.08,-0.11,-0.17
73797,-1.05,0.08,-0.16,0.13,-0.11,-0.07
73798,-1.16,-0.02,-0.16,0.03,-0.00,-0.07
73799,-1.36,-0.13,0.16,0.03,-0.00,-0.07
73800,-1.16,-0.02,0.05,0.03,0.10,0.04
73801,-1.05,-0.02,-0.47,0.03,-0.11,-0.07
73802,-1.36,-0.23,0.16,0.03,-0.21,-0.07
73803,-1.36,-0.13,-0.05,0.03,-0.00,-0.07
73804,-1.05,-0.02,-0.26,0.03,-0.11,-0.07
73805,-1.26,-0.23,0.05,0.13,-0.00,-0.07
73806,-1.36,0.08,0.05,0.03,-0.11,-0.07
73807,-1.16,0.08,-0.26,0.03,-0.00,-0.07
73808,-1.16,-0.23,-0.05,-0.08,-0.11,-0.07
73809,-1.36,0.08,0.05,0.03,-0.21,0.04
73810,-1.16,0.08,-0.05,0.03,-0.00,-0.07
73811,-1.26,-0.23,-0.16,-0.08,-0.11,-0.07
73812,-1.57,-0.13,-0.05,0.13,-0.00,0.04
73813,-1.05,0.19,-0.05,-0.08,-0.11,-0.07
73814,-1.26,-0.13,-0.26,0.13,-0.00,-0.07
73815,-1.36,-0.13,0.16,0.03,-0.11,0.04
73816,-1.16,0.08,-0.05,0.03,-0.00,-0.07
73817,-1.16,-0.02,-0.36,0.03,-0.21,-0.07
73818,-1.47,-0.13,0.16,-0.08,-0.11,-0.07
73819,-1.16,0.19,-0.05,-0.08,-0.11,0.04
73820,-1.16,-0.13,-0.47,0.13,-0.00,-0.07
73821,-1.47,-0.13,0.05,-0.08,-0.11,-0.07
73822,-1.05,0.19,-0.05,-0.08,-0.00,-0.07
73823,-0.95,-0.13,-0.16,0.03,-0.21,-0.07
73824,-1.78,-0.02,-0.05,0.13,-0.11,-0.07
73825,-1.05,-0.02,0.05,0.03,-0.11,-0.07
73826,-0.84,-0.13,-0.26,-0.08,-0.21,-0.07
73827,-1.78,0.08,-0.05,-0.08,-0.11,-0.07
73828,-1.16,-0.02,0.26,0.03,-0.11,0.04
73829,-0.64,-0.02,-0.26,0.03,-0.11,-0.07
73830,-1.68,-0.13,-0.26,0.03,-0.11,-0.07
73831,-1.47,-0.02,0.16,0.13,-0.00,-0.07
73832,-0.84,-0.02,-0.26,0.03,-0.11,-0.07
73833,-1.36,-0.23,-0.16,0.13,-0.11,-0.07
73834,-1.57,0.29,-0.05,0.03,-0.11,-0.17
73835,-0.84,-0.02,0.05,0.03,-0.00,-0.17
73836,-1.26,-0.33,-0.05,-0.08,-0.21,-0.17
73837,-1.57,0.19,-0.16,0.03,0.10,-0.07
73838,-1.05,-0.02,-0.05,0.13,-0.11,-0.17
73839,-1.47,-0.13,-0.36,0.03,-0.00,0.04
73840,-1.36,0.29,-0.05,-0.08,-0.11,-0.17
73841,-0.95,-0.13,-0.05,0.13,-0.11,0.04
73842,-1.36,-0.13,0.05,0.03,-0.00,-0.07
73843,-1.36,0.08,-0.16,0.03,-0.11,-0.07
73844,-1.05,-0.02,-0.16,-0.08,0.21,-0.07
73845,-1.36,-0.13,-0.05,-0.08,-0.00,0.04
73846,-1.36,-0.13,0.16,-0.08,-0.00,-0.28
73847,-0.95,0.19,-0.26,-0.08,-0.21,-0.28
73848,-1.36,-0.44,-0.16,0.13,-0.00,0.14
73849,-1.47,-0.02,0.05,0.03,-0.21,-0.07
73850,-0.95,0.19,-0.05,-0.08,-0.00,-0.07
73851,-1.26,-0.23,-0.16,0.13,-0.00,0.04
73852,-1.57,0.08,0.16,-0.08,-0.11,-0.07
73853,-1.16,-0.02,-0.16,0.03,-0.11,-0.07
73854,-1.05,-0.02,-0.05,0.03,-0.11,0.04
73855,-1.47,-0.02,0.05,-0.08,-0.11,-0.07
73856,-1.26,-0.13,-0.05,0.03,-0.00,0.04
73857,-1.05,0.08,-0.36,0.03,-0.00,0.04
73858,-1.36,-0.23,-0.05,0.13,-0.11,-0.07
73859,-1.16,-0.02,0.16,-0.08,-0.11,-0.07
73860,-1.16,0.19,-0.26,-0.08,-0.21,-0.07
73861,-1.16,-0.13,-0.05,-0.08,-0.21,-0.17
73862,-1.36,-0.02,0.16,0.03,-0.11,-0.07
73863,-1.36,-0.02,-0.16,0.13,-0.00,0.04
73864,-1.16,-0.02,-0.16,0.03,-0.11,0.04
73865,-1.36,-0.33,0.05,0.03,-0.00,-0.17
73866,-1.26,0.08,-0.05,-0.08,-0.00,-0.17
73867,-1.16,0.19,-0.16,0.03,-0.11,-0.07
73868,-1.16,-0.33,-0.26,0.03,-0.00,-0.07
73869,-1.47,-0.02,-0.16,0.03,-0.00,0.04
73870,-1.05,0.39,-0.16,-0.08,-0.21,-0.28
73871,-1.26,-0.33,-0.26,-0.08,-0.11,-0.17
73872,-1.47,-0.13,-0.05,0.03,-0.00,-0.07
73873,-1.16,0.08,-0.05,0.13,-0.00,0.04
73874,-1.26,-0.13,-0.16,0.03,-0.11,-0.07
73875,-1.47,-0.33,0.05,0.13,-0.00,0.04
73876,-1.16,0.08,-0.16,0.03,-0.00,0.04
73877,-1.16,-0.02,-0.05,0.03,-0.11,-0.07
73878,-1.57,-0.33,-0.05,0.03,0.10,0.04
73879,-1.26,0.08,-0.05,0.13,0.10,0.04
73880,-0.95,-0.02,-0.16,0.13,-0.11,0.04
73881,-1.57,-0.02,-0.16,-0.08,-0.11,-0.07
73882,-1.36,0.08,0.05,-0.08,-0.00,-0.07
73883,-0.84,-0.13,-0.16,-0.08,-0.11,0.04
73884,-1.57,-0.02,-0.16,0.03,-0.21,-0.07
73885,-1.47,-0.02,0.16,0.03,-0.00,-0.07
73886,-0.84,-0.02,-0.26,-0.08,-0.00,0.04
73887,-1.26,0.08,-0.16,-0.18,-0.21,-0.17
73888,-1.68,-0.02,0.05,-0.08,-0.00,-0.07
73889,-0.84,-0.02,-0.05,-0.08,-0.11,-0.07
73890,-0.95,-0.33,-0.26,0.03,-0.11,-0.17
73891,-1.78,0.08,0.05,0.03,-0.00,-0.07
73892,-1.05,-0.02,0.05,0.03,-0.11,-0.07
73893,-0.95,-0.23,-0.36,0.03,-0.11,-0.17
73894,-1.68,0.19,0.05,-0.08,-0.11,-0.07
73895,-1.16,0.08,-0.05,0.03,-0.11,-0.07
73896,-0.95,-0.23,-0.26,0.13,-0.00,0.14
73897,-1.57,-0.13,-0.16,0.03,-0.00,-0.07
73898,-1.16,0.29,-0.05,-0.08,-0.11,-0.17
73899,-1.05,-0.02,-0.05,0.03,-0.00,-0.07
73900,-1.47,-0.33,-0.05,0.03,-0.00,-0.07
73901,-1.26,0.29,0.05,-0.08,-0.00,-0.17
73902,-1.05,-0.13,-0.05,0.03,-0.11,-0.07
73903,-1.47,-0.23,-0.05,0.03,-0.00,-0.17
73904,-1.26,0.19,-0.05,0.03,-0.21,-0.07
73905,-0.95,-0.02,-0.26,0.03,-0.11,-0.07
73906,-1.57,-0.13,0.05,0.03,-0.11,-0.07
73907,-1.47,-0.23,-0.05,0.03,-0.00,0.04
73908,-0.95,0.29,-0.16,-0.08,-0.11,-0.17
73909,-1.47,-0.33,0.05,0.13,-0.00,0.04
73910,-1.47,-0.13,0.05,0.13,-0.11,-0.07
73911,-0.84,0.29,-0.16,0.03,-0.00,-0.07
73912,-1.16,-0.23,-0.16,0.03,-0.21,-0.28
73913,-1.57,0.08,0.05,0.03,-0.00,0.04
73914,-1.05,-0.13,-0.16,-0.08,-0.00,0.04
73915,-1.05,-0.02,-0.26,0.03,-0.11,-0.07
73916,-1.57,-0.02,0.26,-0.08,-0.11,-0.07
73917,-1.16,-0.13,-0.16,0.03,0.10,0.04
73918,-1.05,0.19,-0.26,0.03,-0.11,-0.17
73919,-1.36,-0.13,-0.05,0.03,-0.11,-0.07
73920,-1.47,-0.23,0.05,0.13,-0.11,0.04
73921,-1.16,0.19,-0.05,-0.08,-0.00,-0.07
73922,-1.16,-0.23,-0.47,0.13,-0.11,0.04
73923,-1.36,-0.02,0.05,0.03,-0.00,-0.07
73924,-1.05,0.08,-0.05,0.03,-0.21,-0.07
73925,-1.16,-0.02,-0.16,0.13,-0.11,-0.17
73926,-1.36,-0.23,-0.16,-0.08,-0.11,0.04
73927,-1.16,0.08,0.16,-0.18,-0.21,-0.17
73928,-1.16,0.29,-0.05,0.03,-0.11,-0.17
73929,-1.36,-0.23,-0.47,0.13,-0.00,0.04
73930,-1.16,0.08,0.05,-0.08,-0.21,-0.17
73931,-1.05,0.19,0.05,-0.08,-0.11,-0.17
73932,-1.26,-0.13,-0.36,0.13,-0.00,-0.07
73933,-1.16,-0.02,-0.05,-0.18,-0.11,-0.17
73934,-1.26,-0.02,0.05,0.03,-0.00,-0.07
73935,-0.95,0.08,-0.05,-0.08,-0.21,-0.17
73936,-1.36,-0.33,-0.16,0.03,-0.11,-0.07
73937,-1.36,-0.13,0.05,0.13,-0.00,-0.07
73938,-1.05,-0.02,-0.16,0.03,-0.00,0.04
73939,-1.36,-0.13,-0.36,0.03,-0.00,-0.07
73940,-1.36,-0.13,0.05,0.03,-0.11,-0.07
73941,-0.84,0.29,-0.05,-0.08,-0.11,-0.17
73942,-1.26,-0.23,-0.26,-0.08,-0.21,-0.07
73943,-1.68,-0.23,-0.05,-0.08,-0.21,-0.07
73944,-0.95,0.19,-0.05,-0.08,0.10,0.04
73945,-0.84,-0.23,-0.36,0.03,-0.11,-0.17
73946,-1.78,-0.13,-0.05,0.13,-0.00,-0.07
73947,-1.26,0.19,0.16,0.03,-0.00,-0.17
73948,-0.64,-0.23,-0.36,0.03,-0.11,-0.07
73949,-1.68,-0.13,-0.16,0.13,-0.00,0.04
73950,-1.78,-0.02,0.05,0.13,0.10,-0.07
73951,-0.64,-0.13,-0.26,0.13,0.10,0.04
73952,-1.16,-0.33,-0.16,0.03,-0.11,-0.07
73953,-1.99,0.29,0.05,0.03,-0.11,-0.07
73954,-0.95,0.08,-0.05,0.03,-0.11,-0.07
73955,-0.84,-0.44,-0.26,0.03,-0.11,-0.07
73956,-1.78,0.19,0.05,0.03,-0.11,-0.17
73957,-1.16,0.19,0.05,0.03,-0.11,-0.07
73958,-0.95,-0.13,-0.05,-0.08,-0.11,0.04
73959,-1.57,-0.23,-0.16,-0.08,-0.00,-0.07
73960,-1.47,0.39,0.05,-0.08,-0.11,0.04
73961,-0.84,0.08,-0.05,0.03,-0.11,-0.07
73962,-1.26,-0.54,-0.16,-0.08,-0.21,-0.17
73963,-1.47,0.29,0.05,-0.08,-0.11,-0.07
73964,-0.84,0.19,-0.16,-0.08,-0.31,-0.07
73965,-1.36,-0.33,0.05,0.13,-0.21,-0.07
73966,-1.57,-0.13,-0.05,0.03,-0.00,-0.07
73967,-0.74,0.29,-0.05,-0.18,-0.31,-0.28
73968,-1.36,-0.13,0.05,0.03,-0.11,0.04
73969,-1.57,-0.33,-0.16,0.03,-0.00,-0.07
73970,-0.95,0.29,-0.16,-0.18,-0.11,-0.17
73971,-1.05,-0.02,-0.16,-0.08,-0.11,-0.07
73972,-1.57,-0.13,0.16,0.03,-0.11,-0.07
73973,-1.05,0.08,-0.16,0.13,-0.11,-0.17
73974,-0.84,0.19,-0.26,-0.08,-0.21,-0.17
73975,-1.47,0.08,0.05,-0.08,-0.11,-0.07
73976,-1.36,-0.13,-0.05,-0.08,-0.00,-0.17
73977,-0.84,0.29,0.05,0.03,-0.11,-0.07
73978,-1.36,-0.23,-0.16,0.03,-0.11,0.04
73979,-1.57,-0.02,0.16,-0.08,-0.21,-0.17
73980,-1.16,0.08,-0.05,-0.08,-0.00,-0.07
73981,-1.05,-0.23,-0.47,0.03,-0.11,-0.07
73982,-1.47,-0.02,0.16,0.13,-0.00,0.04
73983,-1.47,-0.23,-0.05,0.03,-0.00,-0.07
73984,-1.16,0.08,-0.26,0.03,-0.00,0.04
73985,-1.16,-0.02,-0.26,0.03,-0.21,-0.17
73986,-1.47,-0.13,-0.05,0.03,-0.00,-0.07
73987,-1.05,0.19,0.16,0.03,-0.21,-0.17
73988,-1.16,-0.13,-0.26,0.03,0.10,-0.07
73989,-1.36,-0.23,-0.16,0.03,-0.00,-0.07
73990,-1.26,0.19,0.16,-0.08,-0.00,-0.17
73991,-1.05,0.08,-0.16,0.03,-0.11,-0.17
73992,-1.16,-0.33,-0.26,0.13,-0.11,-0.17
73993,-1.26,0.08,0.26,-0.08,-0.21,-0.17
73994,-1.26,0.19,-0.05,0.03,-0.11,-0.07
73995,-1.05,-0.13,-0.26,0.13,-0.11,0.04
73996,-1.26,-0.13,-0.05,0.03,-0.21,-0.17
73997,-1.16,0.29,0.16,-0.08,-0.21,-0.17
73998,-0.95,0.08,-0.05,-0.08,-0.11,-0.07
73999,-1.26,-0.23,-0.26,-0.18,-0.21,-0.07
74000,-1.36,-0.02,0.16,0.13,-0.11,-0.07
74001,-0.95,0.19,-0.05,-0.08,-0.21,-0.07
74002,-1.47,-0.33,-0.16,0.13,-0.00,0.04
74003,-1.47,-0.33,0.05,0.03,-0.00,-0.07
74004,-0.95,0.29,-0.05,-0.08,-0.11,-0.07
74005,-0.95,-0.13,-0.05,0.03,-0.11,-0.07
74006,-1.78,-0.23,-0.26,0.13,-0.00,0.04
74007,-1.16,0.19,0.26,0.03,-0.11,0.04
74008,-0.74,-0.13,-0.16,0.03,-0.11,-0.07
74009,-1.68,-0.02,-0.05,0.03,-0.00,-0.07
74010,-1.68,-0.13,0.05,0.03,-0.00,0.04
74011,-0.64,-0.02,-0.26,0.03,-0.00,-0.07
74012,-1.16,-0.23,-0.16,0.03,-0.11,-0.07
74013,-1.99,-0.02,0.16,-0.08,-0.11,-0.07
74014,-0.84,0.29,-0.05,-0.08,-0.11,-0.17
74015,-0.53,-0.33,-0.36,0.03,-0.11,-0.07
74016,-1.99,-0.02,0.16,0.13,-0.11,0.04
74017,-1.57,0.19,0.16,0.03,-0.11,0.04
74018,-0.53,-0.33,-0.36,0.13,-0.11,-0.07
74019,-1.36,-0.33,-0.26,0.13,-0.21,-0.07
74020,-1.78,0.50,0.36,0.03,-0.11,0.04
74021,-0.95,-0.02,-0.16,0.13,-0.00,0.04
74022,-1.26,-0.65,-0.47,0.13,-0.00,0.04
74023,-1.78,0.08,0.16,0.13,-0.11,-0.07
74024,-1.05,0.29,-0.05,0.13,0.10,0.14
74025,-1.05,-0.33,-0.16,0.13,-0.11,-0.07
74026,-1.57,-0.44,-0.16,0.03,-0.21,-0.07
74027,-1.26,0.60,0.16,0.13,-0.11,-0.07
74028,-0.84,0.08,0.05,-0.08,-0.11,-0.17
74029,-1.68,-0.65,-0.26,0.03,-0.11,-0.07
74030,-1.26,0.19,0.05,0.03,-0.21,0.04
74031,-0.84,0.39,0.05,-0.08,-0.21,-0.28
74032,-1.57,-0.33,-0.05,0.03,-0.21,-0.07
74033,-1.57,-0.13,-0.05,-0.08,-0.11,-0.07
74034,-0.53,0.39,-0.16,-0.08,-0.21,-0.07
74035,-1.16,0.08,0.05,-0.08,-0.21,-0.07
74036,-1.99,-0.33,-0.05,-0.08,-0.11,-0.07
74037,-0.95,0.08,-0.05,0.03,-0.11,-0.17
74038,-0.64,0.19,-0.16,0.03,-0.11,-0.07
74039,-1.78,-0.23,0.05,-0.08,-0.21,-0.17
74040,-1.57,-0.13,0.16,0.03,-0.21,-0.07
74041,-0.64,0.19,-0.26,0.03,-0.00,0.04
74042,-1.26,-0.23,-0.47,0.03,-0.00,-0.07
74043,-1.88,-0.02,0.16,-0.08,-0.11,-0.07
74044,-0.95,0.08,-0.05,0.03,-0.11,0.04
74045,-0.84,-0.13,-0.36,0.03,-0.11,-0.07
74046,-1.57,-0.13,0.05,0.13,-0.21,-0.07
74047,-1.57,-0.02,0.05,0.13,0.10,-0.07
74048,-0.84,0.08,-0.05,0.13,-0.00,0.04
74049,-1.16,-0.23,-0.47,0.03,-0.11,-0.07
74050,-1.68,-0.13,0.05,0.03,0.10,-0.07
74051,-1.16,0.29,0.26,0.03,-0.00,-0.07
74052,-1.05,-0.13,-0.36,0.03,-0.00,-0.17
74053,-1.36,-0.44,-0.16,0.03,-0.11,-0.17
74054,-1.36,0.19,0.26,-0.08,-0.11,-0.07
74055,-1.26,0.08,-0.05,0.03,-0.00,0.04
74056,-1.26,-0.13,-0.36,0.03,-0.11,-0.07
74057,-1.36,-0.13,-0.05,0.03,-0.11,0.04
74058,-1.16,0.29,0.26,0.03,-0.11,0.04
74059,-1.16,0.08,-0.05,-0.08,-0.00,-0.07
74060,-1.47,-0.54,-0.57,0.13,-0.11,-0.17
74061,-1.26,0.08,0.16,0.03,0.10,0.04
74062,-1.26,0.29,-0.05,0.13,0.10,0.14
74063,-1.36,-0.33,-0.26,0.03,-0.11,0.04
74064,-1.36,-0.13,-0.36,0.13,0.10,-0.07
74065,-1.16,0.08,0.05,0.03,-0.00,-0.07
74066,-1.26,-0.13,-0.26,0.13,0.10,-0.07
74067,-1.47,-0.13,-0.16,0.03,-0.00,-0.17
74068,-1.05,0.08,0.16,0.03,-0.11,-0.07
74069,-0.95,0.29,-0.05,0.13,0.10,-0.07
74070,-1.68,-0.44,-0.26,0.23,-0.00,0.04
74071,-1.57,-0.23,-0.16,-0.08,-0.00,-0.07
74072,-0.84,0.29,0.16,0.03,-0.11,-0.07
74073,-1.05,-0.23,-0.26,0.13,-0.00,0.04
74074,-1.88,-0.02,-0.05,0.13,-0.00,0.04
74075,-1.36,0.08,0.05,0.03,-0.11,-0.17
74076,-0.53,-0.13,-0.16,0.03,-0.11,-0.07
74077,-1.47,-0.13,-0.16,0.13,-0.11,-0.07
74078,-1.88,0.19,0.26,0.03,-0.21,-0.17
74079,-0.84,0.19,0.05,0.03,-0.00,-0.07
74080,-0.64,-0.33,-0.47,0.03,-0.31,-0.07
74081,-1.88,-0.13,0.05,-0.08,-0.11,-0.07
74082,-1.47,0.60,0.26,0.03,-0.00,-0.07
74083,-0.43,-0.33,-0.36,0.13,-0.11,-0.07
74084,-1.47,-0.44,-0.36,0.03,-0.11,-0.17
74085,-1.99,0.60,0.47,-0.08,-0.11,-0.07
74086,-0.84,0.08,0.05,0.13,-0.11,-0.07
74087,-0.95,-0.54,-0.68,0.03,-0.21,-0.07
74088,-1.78,-0.23,-0.05,0.03,-0.00,-0.07
74089,-1.36,0.81,0.26,0.03,-0.00,-0.07
74090,-0.74,-0.13,-0.26,0.03,-0.11,-0.17
74091,-1.47,-0.75,-0.47,0.03,-0.11,-0.07
74092,-1.47,0.60,0.26,-0.08,-0.11,0.04
74093,-0.84,0.29,0.05,0.13,0.10,0.04
74094,-1.47,-0.65,-0.36,0.03,-0.11,0.04
74095,-1.57,-0.23,-0.16,0.03,0.10,0.04
74096,-0.74,0.71,0.16,0.13,-0.11,0.04
74097,-1.16,-0.02,-0.05,0.03,-0.11,-0.17
74098,-1.78,-0.65,-0.16,0.03,-0.11,-0.07
74099,-0.95,0.29,0.16,-0.08,-0.00,-0.07
74100,-0.74,0.50,-0.05,0.03,-0.11,-0.17
74101,-1.88,-0.75,-0.16,0.03,-0.11,0.04
74102,-1.47,-0.02,0.05,-0.08,-0.21,-0.07
74103,-0.33,0.39,-0.16,-0.08,-0.21,-0.17
74104,-1.26,-0.02,-0.16,-0.08,-0.21,-0.17
74105,-2.20,-0.33,0.05,0.13,-0.11,-0.07
74106,-0.74,-0.13,-0.05,0.13,-0.11,-0.17
74107,-0.53,0.39,-0.16,0.03,-0.31,-0.07
74108,-1.99,-0.44,-0.05,0.13,-0.11,0.04
74109,-1.57,-0.02,0.26,-0.08,-0.11,0.04
74110,-0.43,0.29,-0.16,0.03,-0.00,-0.07
74111,-1.16,-0.23,-0.57,0.03,-0.00,-0.07
74112,-1.88,-0.02,0.26,0.03,-0.11,-0.07
74113,-1.05,0.08,0.16,0.03,-0.11,0.04
74114,-0.84,-0.02,-0.26,0.03,-0.00,-0.07
74115,-1.57,-0.13,-0.26,0.03,-0.11,-0.17
74116,-1.36,-0.13,0.26,0.03,-0.00,-0.17
74117,-0.84,0.29,0.16,-0.08,-0.11,-0.17
74118,-1.16,-0.23,-0.47,0.03,-0.11,-0.07
74119,-1.57,-0.23,-0.16,0.13,-0.00,-0.07
74120,-1.16,0.19,0.26,0.03,-0.00,-0.07
74121,-1.16,-0.13,-0.26,0.03,0.10,-0.17
74122,-1.16,-0.02,-0.26,0.03,-0.11,-0.17
74123,-1.36,-0.23,0.05,0.03,-0.00,-0.17
74124,-1.26,0.39,0.16,-0.08,-0.11,-0.07
74125,-1.26,-0.02,0.05,0.03,-0.00,-0.07
74126,-1.05,-0.33,-0.47,0.03,-0.00,0.04
74127,-1.26,0.08,0.05,0.03,-0.11,-0.07
74128,-1.47,0.08,0.16,0.13,-0.11,-0.07
74129,-1.16,-0.02,-0.26,0.03,-0.11,-0.07
74130,-0.95,-0.33,-0.26,-0.08,-0.11,-0.17
74131,-1.36,-0.02,0.16,0.03,-0.21,-0.07
74132,-1.36,0.39,0.16,-0.08,-0.11,0.04
74133,-1.05,-0.33,-0.26,-0.08,-0.00,-0.07
74134,-1.16,-0.13,-0.16,-0.08,-0.21,-0.17
74135,-1.36,0.29,0.16,0.03,-0.00,0.04
74136,-1.05,-0.02,-0.16,0.03,-0.21,-0.07
74137,-1.36,-0.23,-0.16,0.03,-0.11,-0.07
74138,-1.47,-0.23,-0.05,-0.08,-0.00,-0.07
74139,-1.05,0.50,0.05,0.03,-0.11,-0.07
74140,-0.95,-0.13,-0.16,0.03,-0.11,-0.07
74141,-1.57,-0.23,-0.16,0.03,-0.00,0.04
74142,-1.36,0.19,0.05,0.03,-0.11,-0.07
74143,-0.74,-0.02,-0.36,0.03,-0.11,-0.07
74144,-1.47,-0.13,-0.05,0.13,-0.11,-0.07
74145,-1.78,-0.02,0.05,0.03,-0.11,-0.07
74146,-0.84,0.19,-0.05,-0.08,-0.00,-0.07
74147,-0.95,-0.23,-0.47,0.03,-0.00,0.04
74148,-1.88,-0.13,0.16,-0.08,-0.11,-0.07
74149,-1.36,0.39,0.16,-0.08,-0.00,-0.07
74150,-0.64,-0.23,-0.47,-0.08,-0.00,-0.07
74151,-1.36,-0.44,-0.26,0.03,-0.00,-0.07
74152,-1.99,0.39,0.26,0.03,-0.00,0.04
74153,-0.84,0.19,-0.05,0.03,-0.11,-0.07
74154,-0.95,-0.44,-0.57,0.13,-0.00,-0.07
74155,-1.68,-0.33,0.05,0.03,-0.11,0.04
74156,-1.36,0.71,0.36,0.03,-0.00,0.04
74157,-0.64,-0.02,-0.47,0.03,-0.21,-0.17
74158,-1.36,-0.65,-0.36,-0.08,-0.11,0.04
74159,-1.68,0.39,0.26,-0.08,-0.21,-0.07
74160,-0.84,0.50,0.05,0.13,-0.11,-0.07
74161,-1.05,-0.65,-0.26,0.13,-0.00,-0.07
74162,-1.68,-0.44,-0.36,-0.08,-0.11,-0.07
74163,-1.05,0.71,0.47,-0.18,-0.11,-0.17
74164,-0.95,0.29,-0.36,0.03,-0.00,0.04
74165,-1.68,-0.96,-0.36,0.03,-0.21,-0.07
74166,-1.36,0.19,0.16,0.03,-0.11,-0.07
74167,-0.74,0.71,-0.05,0.13,-0.11,0.04
74168,-1.47,-0.23,-0.16,-0.08,-0.11,-0.07
74169,-1.88,-0.75,-0.16,0.03,-0.11,-0.07
74170,-0.84,0.29,0.05,0.03,-0.00,-0.07
74171,-0.84,0.50,-0.05,-0.08,-0.11,-0.17
74172,-1.88,-0.65,-0.36,0.03,-0.21,0.04
74173,-1.47,0.08,0.16,0.03,-0.00,-0.07
74174,-0.53,0.29,-0.05,-0.08,-0.11,-0.07
74175,-1.26,-0.13,-0.36,0.03,-0.11,-0.07
74176,-1.88,-0.23,0.16,-0.08,-0.11,-0.07
74177,-0.84,-0.02,-0.05,0.03,-0.00,0.04
74178,-0.64,0.39,-0.05,0.03,-0.11,-0.17
74179,-1.78,-0.33,-0.26,-0.08,-0.11,-0.07
74180,-1.57,-0.13,0.16,-0.08,-0.00,-0.17
74181,-0.74,0.29,-0.05,-0.08,-0.00,0.04
74182,-1.26,-0.13,-0.26,0.03,-0.21,-0.07
74183,-1.57,-0.02,-0.05,-0.08,-0.11,-0.07
74184,-1.26,-0.13,0.16,-0.08,-0.00,-0.07
74185,-0.95,0.08,-0.05,0.03,-0.11,-0.07
74186,-1.47,-0.23,-0.26,0.13,-0.00,0.04
74187,-1.26,-0.02,-0.05,-0.08,-0.11,-0.17
74188,-1.16,0.19,0.26,0.13,-0.11,-0.07
74190,-1.26,-0.23,-0.16,0.03,-0.21,-0.07
74190,-1.26,0.08,-0.16,-0.08,-0.11,0.04
74191,-1.05,-0.23,-0.05,-0.08,-0.11,-0.17
74192,-1.47,-0.02,-0.05,0.13,-0.00,-0.07
74193,-1.26,0.08,0.05,-0.08,-0.21,-0.17
74194,-1.05,-0.23,-0.26,0.03,-0.11,-0.07
74195,-1.36,-0.13,-0.05,-0.18,-0.21,-0.07
74196,-1.36,-0.02,0.05,0.03,-0.11,0.04
74197,-1.05,0.08,-0.16,0.03,-0.11,-0.07
74198,-1.05,-0.33,-0.26,0.03,-0.11,-0.07
74199,-1.68,-0.13,0.05,0.13,-0.11,0.04
74200,-1.26,0.50,0.16,0.13,-0.00,-0.07
74201,-0.95,-0.23,-0.26,0.13,-0.11,0.04
74202,-1.36,-0.23,-0.26,-0.08,-0.21,-0.07
74203,-1.57,-0.13,0.16,0.03,-0.11,-0.07
74204,-0.95,0.50,0.05,0.13,-0.11,0.04
74205,-0.95,-0.33,-0.26,0.03,-0.11,0.04
74206,-1.68,-0.33,-0.05,-0.08,-0.11,0.04
74207,-1.26,0.39,0.16,0.03,-0.00,-0.07
74208,-0.74,-0.02,-0.16,-0.08,-0.11,0.04
74209,-1.36,-0.33,-0.16,-0.18,-0.11,0.04
74210,-1.78,-0.02,-0.05,-0.08,-0.11,-0.07
74211,-0.74,0.39,0.16,0.03,-0.00,-0.07
74212,-0.84,-0.23,-0.47,0.13,-0.11,0.14
74213,-1.88,-0.33,-0.16,-0.08,-0.11,-0.07
74214,-1.57,0.39,0.26,0.03,0.10,-0.07
74215,-0.53,-0.02,-0.26,0.13,-0.00,-0.17
74216,-1.26,-0.44,-0.47,0.13,-0.11,0.04
74217,-2.09,-0.13,0.05,0.13,-0.11,-0.07
74218,-1.05,0.60,0.26,-0.08,-0.00,-0.17
74219,-0.53,-0.33,-0.47,-0.08,-0.11,-0.17
74220,-1.57,-0.65,-0.36,0.03,-0.11,-0.07
74221,-1.78,0.60,0.68,-0.08,-0.00,0.04
74222,-0.74,0.29,-0.26,-0.08,-0.21,-0.07
74223,-0.95,-0.54,-0.47,0.03,-0.11,0.04
74224,-1.78,-0.33,0.16,0.03,-0.00,-0.07
74225,-1.36,0.91,0.57,0.03,-0.21,-0.07
74226,-0.74,-0.13,-0.47,0.13,-0.00,0.04
74227,-1.36,-0.75,-0.68,0.23,-0.11,-0.07
74228,-1.68,0.39,0.57,0.03,-0.00,-0.07
74229,-1.05,0.71,0.26,0.03,-0.00,-0.17
74230,-0.95,-0.54,-0.78,0.03,-0.00,-0.17
74231,-1.68,-0.65,-0.16,0.03,-0.00,-0.07
74232,-1.26,0.81,0.47,-0.08,-0.11,-0.07
74233,-0.95,0.50,-0.16,0.03,-0.00,-0.07
74234,-1.36,-0.85,-0.68,-0.08,-0.21,-0.17
74235,-1.57,-0.02,0.26,-0.08,-0.11,0.04
74236,-0.95,0.81,0.26,0.13,-0.11,0.04
74237,-1.16,0.08,-0.47,0.03,-0.21,-0.07
74238,-1.57,-1.06,-0.36,-0.08,-0.00,-0.17
74239,-1.16,0.39,0.26,0.03,-0.11,-0.07
74240,-0.95,0.60,0.05,0.03,-0.00,-0.07
74241,-1.26,-0.33,-0.47,-0.08,-0.11,-0.17
74242,-1.68,-0.54,-0.16,0.03,-0.00,-0.07
74243,-0.95,0.50,0.16,0.03,-0.21,0.04
74244,-1.05,0.29,-0.16,0.13,-0.11,-0.07
74245,-1.47,-0.54,-0.26,-0.08,-0.11,-0.07
74246,-1.36,-0.02,0.05,0.13,-0.11,-0.17
74247,-1.05,0.29,0.05,0.03,-0.00,-0.07
74248,-1.26,-0.02,-0.16,0.03,-0.11,0.04
74249,-1.36,-0.33,-0.26,0.03,-0.11,0.04
74250,-1.16,-0.02,0.16,0.03,-0.11,-0.07
74251,-1.16,0.39,-0.05,-0.08,-0.11,-0.07
74252,-1.26,-0.23,-0.16,-0.08,-0.11,-0.17
74253,-1.05,-0.23,-0.05,0.03,-0.00,-0.07
74254,-1.26,-0.02,0.05,0.03,-0.11,0.04
74255,-1.26,0.08,-0.05,0.03,-0.11,-0.07
74256,-1.16,-0.23,-0.16,0.03,-0.00,-0.07
74257,-1.16,-0.13,-0.26,-0.08,-0.21,-0.07
74258,-1.36,0.29,0.26,-0.18,-0.31,-0.17
74259,-1.16,0.08,-0.05,0.03,-0.11,-0.07
74260,-1.16,-0.13,-0.05,0.03,-0.11,-0.07
74261,-1.26,-0.44,-0.16,0.03,-0.11,-0.07
74262,-1.47,0.19,0.05,0.03,-0.11,-0.07
74263,-1.26,0.08,0.05,0.03,-0.00,0.04
74264,-1.16,-0.23,-0.26,0.03,-0.21,-0.07
74265,-1.36,-0.23,-0.16,0.03,-0.00,-0.17
74266,-1.36,0.39,0.26,0.03,-0.11,0.04
74267,-1.16,-0.02,-0.05,0.03,0.10,0.04
74268,-1.16,-0.44,-0.36,-0.08,-0.21,-0.07
74269,-1.57,-0.13,-0.05,0.03,-0.00,-0.07
74270,-1.26,0.39,0.16,-0.08,-0.00,0.04
74271,-1.05,0.08,-0.16,0.03,-0.11,-0.07
74272,-1.36,-0.44,-0.36,0.03,-0.11,-0.07
74273,-1.26,-0.13,-0.05,0.03,-0.00,-0.17
74274,-1.05,0.60,0.26,-0.08,-0.00,-0.07
74275,-1.16,-0.33,-0.26,0.03,-0.00,0.04
74276,-1.47,-0.44,-0.26,0.03,-0.00,-0.07
74277,-1.26,0.08,0.05,0.03,-0.11,-0.07
74278,-0.95,0.39,0.16,0.03,-0.11,-0.07
74279,-1.26,-0.54,-0.36,-0.08,-0.11,-0.07
74280,-1.57,-0.33,-0.05,0.03,-0.11,0.04
74281,-1.36,0.39,0.05,0.03,-0.00,-0.07
74282,-0.95,0.08,0.05,0.03,-0.00,-0.07
74283,-1.26,-0.54,-0.47,0.03,-0.11,-0.07
74284,-1.68,-0.02,0.05,-0.08,-0.11,-0.07
74285,-1.36,0.71,0.36,-0.08,-0.00,-0.07
74286,-0.74,-0.13,-0.36,-0.08,-0.11,0.04
74287,-1.26,-0.54,-0.36,-0.08,-0.21,-0.17
74288,-1.78,0.29,0.26,0.03,-0.11,-0.17
74289,-1.16,0.29,-0.05,0.03,-0.11,-0.07
74290,-0.64,-0.33,-0.36,0.03,-0.11,-0.07
74291,-1.47,-0.54,-0.26,0.03,-0.11,-0.17
74292,-1.78,0.60,0.68,-0.08,-0.00,-0.07
74293,-0.74,0.19,-0.36,0.03,-0.11,-0.07
74294,-0.84,-0.65,-0.57,0.03,-0.00,-0.07
74295,-1.78,-0.33,-0.05,-0.08,-0.00,0.04
74296,-1.57,0.91,0.47,0.13,-0.11,-0.07
74297,-0.74,-0.02,-0.47,0.03,-0.00,0.04
74298,-1.26,-0.85,-0.68,0.03,-0.11,0.04
74299,-1.88,0.08,0.16,0.23,-0.00,0.04
74300,-1.16,1.02,0.47,0.03,-0.11,-0.07
74301,-0.74,-0.44,-0.88,0.03,-0.11,-0.07
74302,-1.47,-1.06,-0.47,0.13,-0.11,-0.07
74303,-1.68,0.60,0.57,0.03,-0.00,-0.07
74304,-0.95,0.81,-0.05,-0.08,0.10,-0.07
74305,-0.84,-0.54,-0.68,-0.08,-0.21,-0.07
74306,-1.57,-0.65,-0.05,0.03,-0.11,-0.17
74307,-1.36,0.81,0.47,0.03,0.10,0.04
74308,-0.84,0.39,-0.16,0.03,-0.11,0.04
74309,-1.26,-0.85,-0.88,0.03,-0.11,-0.07
74310,-1.47,-0.23,0.36,-0.08,-0.21,-0.07
74311,-1.16,0.81,0.26,-0.08,-0.11,-0.07
74312,-0.95,0.08,-0.36,0.03,-0.21,-0.07
74314,-1.36,-0.75,-0.47,-0.08,-0.21,-0.07
74314,-1.47,0.39,0.47,-0.08,-0.00,-0.07
74315,-0.95,0.60,-0.05,0.13,-0.00,-0.07
74316,-1.26,-0.33,-0.57,0.03,-0.11,-0.07
74317,-1.36,-0.54,-0.36,-0.08,-0.21,-0.07
74318,-1.26,0.39,0.36,0.03,-0.00,0.04
74319,-0.95,0.39,-0.05,-0.08,-0.11,0.04
74320,-1.16,-0.54,-0.36,0.03,-0.11,-0.07
74321,-1.36,-0.33,-0.16,0.03,-0.11,0.04
74322,-1.26,0.39,0.16,0.03,-0.00,0.04
74323,-1.26,0.08,-0.05,0.03,-0.21,-0.17
74324,-1.05,-0.44,-0.36,-0.08,-0.11,-0.17
74325,-1.26,-0.02,-0.05,0.03,-0.00,-0.17
74326,-1.47,0.08,0.16,0.03,-0.11,0.04
74327,-1.16,0.08,-0.26,-0.08,-0.11,-0.07
74328,-1.05,-0.33,-0.16,0.03,-0.00,-0.07
74329,-1.26,-0.02,-0.16,-0.08,-0.11,-0.07
74330,-1.47,0.19,0.05,0.03,-0.11,0.04
74331,-1.16,-0.02,0.05,-0.08,-0.11,-0.07
74332,-1.05,-0.23,-0.16,0.13,-0.11,-0.07
74333,-1.26,-0.02,-0.16,0.03,-0.11,-0.07
74334,-1.36,0.19,0.05,-0.08,-0.11,-0.07
74335,-1.05,-0.02,0.16,0.03,-0.21,-0.07
74336,-1.36,-0.23,-0.16,0.03,0.10,-0.07
74337,-1.47,-0.02,-0.36,0.23,-0.00,0.04
74338,-1.26,0.08,0.05,0.03,-0.11,-0.07
74339,-1.26,-0.02,0.05,0.13,-0.00,-0.07
74340,-1.16,-0.13,-0.16,0.03,-0.11,-0.17
74341,-1.05,-0.13,-0.05,0.03,-0.00,-0.07
74342,-1.26,-0.02,-0.05,-0.08,-0.00,-0.17
74343,-1.36,0.19,0.16,0.03,-0.11,0.04
74344,-1.16,-0.23,-0.16,0.03,-0.11,-0.07
74345,-1.16,-0.13,-0.26,0.13,-0.00,0.04
74346,-1.36,0.08,0.16,-0.08,-0.11,-0.07
74347,-1.16,0.29,0.16,0.03,-0.11,-0.17
74348,-1.05,-0.23,-0.26,0.03,-0.00,-0.07
74349,-1.26,-0.13,-0.16,0.03,-0.11,-0.07
74350,-1.57,0.08,0.05,0.03,-0.11,-0.07
74351,-1.05,0.19,0.05,-0.08,-0.11,-0.07
74352,-0.95,-0.33,-0.36,0.03,-0.21,-0.07
74353,-1.47,-0.13,-0.05,-0.08,-0.00,-0.07
74354,-1.68,0.29,0.16,0.03,-0.00,0.04
74355,-1.05,-0.23,-0.16,0.13,-0.00,0.04
74356,-0.84,-0.33,-0.57,-0.08,-0.21,0.04
74357,-1.57,-0.02,0.16,-0.08,-0.11,-0.17
74358,-1.57,0.50,0.36,0.03,-0.11,0.04
74359,-0.84,-0.33,-0.47,0.13,-0.11,0.04
74360,-1.05,-0.44,-0.57,0.03,-0.11,-0.07
74361,-1.68,0.19,0.47,-0.08,-0.00,-0.07
74362,-1.47,0.71,0.26,0.03,-0.11,-0.07
74363,-0.64,-0.54,-0.68,0.13,-0.00,0.04
74364,-1.26,-0.54,-0.57,0.13,-0.00,0.04
74365,-1.88,0.60,0.47,-0.08,-0.11,-0.07
74366,-1.16,0.39,0.26,0.03,-0.00,0.04
74367,-0.53,-0.65,-0.78,0.03,-0.11,-0.07
74368,-1.57,-0.44,-0.26,0.13,0.10,-0.07
74369,-1.78,0.81,0.88,-0.08,-0.21,-0.17
74370,-0.95,0.29,-0.16,-0.08,-0.11,-0.07
74371,-0.74,-0.96,-0.99,0.23,-0.11,0.04
74372,-1.47,-0.23,0.05,-0.08,-0.11,-0.17
74543,-1.47,-0.02,0.16,0.03,-0.11,0.04
74544,-1.47,-0.13,0.16,0.13,-0.11,-0.07
74545,-0.95,-0.13,-0.36,0.13,-0.00,0.04
74546,-1.36,-0.23,-0.26,0.13,-0.00,0.14
74547,-1.36,0.19,0.16,-0.08,-0.31,-0.07
74548,-1.26,0.08,-0.26,0.03,-0.21,-0.07
74549,-0.95,-0.02,-0.05,0.13,-0.11,-0.07
74550,-1.36,-0.13,-0.16,0.03,-0.11,0.04
74551,-1.36,0.08,0.05,0.03,-0.11,-0.07
74552,-1.26,-0.02,-0.05,0.13,-0.00,0.04
74553,-1.16,-0.13,-0.16,-0.08,-0.00,0.04
74554,-1.36,0.08,0.05,-0.08,-0.00,0.04
74555,-1.47,-0.23,-0.05,0.03,-0.11,-0.07
74556,-1.16,0.08,0.05,-0.08,-0.11,0.04
74557,-1.05,-0.13,-0.26,0.03,-0.31,-0.07
74558,-1.26,0.08,0.16,0.03,-0.00,-0.07
74559,-1.47,-0.13,-0.16,0.03,-0.00,0.04
74560,-1.05,0.08,-0.05,-0.08,-0.11,-0.17
74561,-1.16,-0.13,-0.36,0.03,-0.11,0.04
74562,-1.36,-0.02,0.16,-0.18,-0.11,-0.07
74563,-1.26,0.19,0.16,-0.08,-0.11,0.04
74564,-1.16,-0.23,-0.26,0.03,-0.11,-0.07
74565,-1.16,-0.02,-0.05,0.03,-0.00,0.04
74566,-1.47,-0.13,-0.26,0.13,0.10,0.04
74567,-1.36,0.19,0.16,-0.08,-0.11,-0.17
74568,-1.16,-0.23,-0.26,0.03,-0.00,0.04
74569,-1.05,-0.13,-0.05,-0.08,-0.21,0.04
74570,-1.26,-0.02,-0.05,0.13,-0.11,-0.07
74571,-1.47,0.08,-0.05,0.03,-0.11,-0.07
74572,-1.05,-0.13,0.16,-0.08,-0.00,-0.17
74573,-1.16,-0.13,-0.36,0.03,-0.11,-0.07
74574,-1.26,-0.13,-0.05,0.03,-0.11,-0.07
74575,-1.47,-0.02,-0.16,0.03,-0.00,0.04
74576,-1.26,0.08,0.16,-0.08,-0.11,0.04
74577,-1.16,-0.23,-0.05,0.13,0.10,0.04
74578,-1.16,-0.23,-0.16,-0.08,-0.11,-0.07
74579,-1.36,0.08,-0.05,0.03,-0.11,-0.17
74580,-1.26,0.08,0.05,0.03,-0.11,0.04
74581,-1.05,0.08,-0.05,0.13,-0.11,0.04
74582,-1.16,-0.23,-0.16,0.03,-0.11,-0.07
74583,-1.36,-0.02,0.05,0.03,-0.11,-0.07
74584,-1.36,0.08,-0.05,0.03,-0.11,0.04
74585,-1.05,0.08,0.16,-0.08,0.10,-0.07
74586,-1.05,-0.23,-0.47,0.03,-0.00,-0.17
74587,-1.47,-0.13,0.16,0.13,-0.11,-0.07
74588,-1.47,0.19,-0.05,0.03,-0.11,0.04
74589,-1.05,0.19,-0.16,0.03,-0.21,-0.07
74590,-0.84,-0.23,-0.16,0.03,-0.11,-0.07
74591,-1.36,-0.02,-0.16,0.03,-0.00,-0.17
74592,-1.57,-0.02,0.26,0.03,0.10,-0.07
74593,-1.36,0.08,-0.16,0.13,-0.00,-0.07
74594,-0.84,-0.23,-0.57,0.03,-0.11,0.04
74595,-1.16,-0.13,-0.05,0.03,-0.11,-0.17
74596,-1.68,0.19,0.05,-0.08,-0.00,-0.07
74597,-1.16,0.08,0.16,-0.08,-0.11,-0.07
74598,-0.95,-0.33,-0.68,0.13,-0.11,-0.07
74599,-0.95,-0.13,-0.05,-0.08,-0.11,-0.17
74600,-1.78,-0.02,0.05,0.03,-0.00,-0.07
74601,-1.36,0.19,0.05,-0.08,-0.11,-0.07
74602,-0.95,-0.13,-0.26,0.13,-0.00,-0.07
74603,-0.95,-0.23,-0.36,-0.08,-0.11,0.04
74604,-1.57,0.19,0.16,-0.08,-0.21,-0.07
74605,-1.57,0.08,0.16,0.03,-0.00,-0.07
74606,-1.05,0.08,-0.26,-0.08,-0.21,-0.17
74607,-0.84,-0.23,-0.36,0.03,-0.11,-0.17
74608,-1.47,-0.13,0.16,0.03,-0.00,-0.07
74609,-1.47,0.08,0.05,-0.08,-0.00,-0.17
74610,-1.16,-0.02,-0.05,0.13,0.10,0.14
74611,-0.95,-0.23,-0.36,0.03,-0.11,-0.07
74612,-1.36,-0.13,-0.26,0.03,-0.11,-0.07
74613,-1.36,-0.02,0.36,-0.18,-0.21,-0.07
74614,-1.16,0.08,-0.16,0.03,-0.11,-0.07
74615,-0.95,-0.02,-0.05,-0.08,-0.00,-0.07
74616,-1.36,-0.02,-0.16,0.03,-0.11,-0.07
74617,-1.36,-0.13,-0.05,0.03,-0.21,-0.17
74618,-1.16,0.08,0.26,-0.08,-0.11,-0.07
74619,-1.05,0.08,-0.47,0.03,-0.11,0.04
74620,-1.26,-0.02,0.05,0.03,-0.11,-0.07
74621,-1.47,-0.02,-0.26,0.03,-0.00,-0.07
74622,-1.36,0.08,-0.05,-0.08,-0.11,-0.07
74623,-1.05,0.08,-0.05,-0.08,-0.00,-0.07
74624,-1.05,-0.13,-0.26,0.03,-0.11,-0.07
74625,-1.36,-0.02,-0.05,-0.08,-0.11,-0.07
74626,-1.36,-0.02,-0.05,0.03,-0.21,-0.07
74627,-1.16,0.19,0.05,-0.08,-0.21,-0.07
74628,-1.16,-0.13,-0.26,0.03,-0.11,0.04
74629,-1.26,-0.02,0.05,0.03,-0.11,-0.17
74630,-1.36,-0.13,-0.05,0.13,-0.00,-0.17
74631,-1.16,0.08,-0.05,0.03,-0.11,-0.07
74632,-1.16,-0.02,-0.05,-0.08,-0.11,-0.07
74633,-1.16,-0.13,-0.16,0.03,-0.11,0.04
74634,-1.26,-0.02,0.05,0.03,-0.00,-0.07
74635,-1.16,0.08,-0.16,-0.08,-0.00,-0.07
74636,-1.26,-0.13,-0.05,0.03,-0.00,0.04
74637,-1.26,0.08,-0.16,-0.08,-0.11,-0.17
74638,-1.26,-0.23,-0.16,0.03,-0.00,0.04
74639,-1.16,0.08,0.05,-0.08,-0.21,-0.07
74640,-1.26,-0.02,-0.26,0.13,-0.11,-0.07
74641,-1.26,-0.13,0.16,0.03,-0.00,0.04
74642,-1.16,0.08,-0.26,0.03,-0.00,-0.17
74643,-1.16,-0.13,-0.05,-0.08,-0.31,-0.17
74644,-1.36,-0.02,-0.16,0.03,-0.00,-0.07
74645,-1.26,-0.02,-0.05,-0.08,-0.00,0.04
74646,-1.26,-0.02,0.05,0.03,-0.00,0.14
74647,-1.26,-0.02,-0.16,0.03,-0.00,-0.07
74648,-1.16,0.08,-0.05,0.03,-0.11,-0.07
74649,-1.36,-0.13,-0.26,-0.08,-0.00,0.04
74650,-1.36,0.08,-0.05,-0.08,-0.00,-0.07
74651,-1.16,-0.02,0.05,-0.08,-0.11,-0.17
74652,-1.36,-0.13,0.05,0.03,-0.00,-0.07
74653,-1.26,-0.13,-0.16,0.03,-0.00,0.04
74654,-1.36,-0.02,-0.16,0.03,-0.11,-0.17
74655,-1.36,-0.02,0.05,0.03,-0.00,-0.07
74656,-1.36,-0.02,-0.16,-0.08,-0.11,-0.07
74657,-1.16,-0.23,-0.16,-0.08,-0.11,-0.17
74658,-1.16,-0.13,-0.05,0.03,-0.00,-0.07
74659,-1.36,0.08,-0.16,0.03,-0.11,0.04
74660,-1.16,0.08,0.16,0.03,-0.11,-0.07
74661,-1.26,-0.02,-0.26,0.03,-0.00,-0.07
74662,-1.16,-0.13,-0.05,0.13,-0.21,-0.07
74663,-1.36,-0.02,-0.05,0.03,-0.11,-0.17
74664,-1.26,0.08,-0.05,0.03,-0.00,-0.17
74665,-1.05,-0.02,-0.05,-0.08,-0.11,-0.07
74666,-1.36,-0.23,-0.36,0.03,-0.00,-0.07
74667,-1.36,-0.02,0.05,0.03,-0.00,-0.07
74668,-1.36,0.08,-0.16,0.03,0.10,-0.07
74669,-1.05,0.19,0.05,-0.08,-0.00,-0.07
74670,-0.95,-0.23,-0.16,0.03,-0.11,-0.17
74671,-1.36,-0.13,-0.05,0.03,-0.11,-0.07
74672,-1.36,-0.02,0.05,0.03,-0.11,-0.07
74673,-1.26,-0.02,-0.16,0.03,-0.11,-0.07
74674,-0.95,-0.13,-0.05,0.03,-0.11,-0.07
74675,-1.26,-0.23,-0.16,0.03,-0.00,-0.07
74676,-1.47,0.08,0.16,-0.08,-0.11,-0.07
74677,-1.36,0.08,-0.05,0.13,-0.11,-0.17
74678,-1.16,-0.02,-0.26,0.03,-0.21,-0.07
74679,-0.95,-0.23,0.05,-0.08,-0.00,-0.17
74680,-1.47,-0.13,-0.05,0.03,-0.21,-0.07
74681,-1.36,0.08,0.26,0.03,-0.00,-0.07
74682,-1.26,0.08,-0.16,0.13,-0.21,-0.07
74683,-1.05,-0.33,-0.47,0.13,-0.11,0.04
74684,-1.26,-0.13,0.16,0.03,-0.00,-0.07
74685,-1.36,0.19,0.05,-0.18,-0.31,-0.07
74686,-1.26,-0.02,0.16,0.03,-0.00,-0.17
74687,-1.05,-0.23,-0.47,0.13,-0.00,0.04
74688,-1.05,-0.02,-0.16,0.03,-0.21,-0.17
74689,-1.16,0.19,0.47,-0.08,-0.21,-0.28
74690,-1.36,0.08,-0.05,-0.08,-0.00,-0.28
74691,-1.05,-0.13,0.05,0.13,-0.00,-0.07
74692,-1.16,-0.13,-0.47,0.03,-0.11,0.04
74693,-1.47,-0.02,0.05,0.03,-0.11,-0.07
74694,-1.36,-0.13,0.16,0.13,-0.00,-0.07
74695,-1.16,-0.02,-0.16,0.03,-0.00,-0.07
74696,-1.05,-0.02,-0.05,0.03,-0.00,-0.07
74697,-1.26,-0.02,-0.26,0.03,-0.00,-0.07
74698,-1.47,-0.13,0.26,0.03,-0.11,0.04
74699,-1.26,-0.02,-0.05,0.03,-0.11,0.04
74700,-0.95,-0.02,-0.05,0.03,-0.21,-0.17
74701,-1.16,-0.13,0.05,0.13,-0.00,0.04
74702,-1.36,-0.23,-0.36,-0.08,0.10,-0.07
74703,-1.26,-0.02,0.36,-0.08,-0.21,-0.07
74704,-1.26,0.08,-0.16,0.03,-0.00,-0.07
74705,-0.95,-0.02,-0.16,0.03,-0.21,-0.17
74706,-1.26,-0.13,-0.16,0.03,-0.11,-0.07
74707,-1.36,-0.02,-0.05,-0.08,-0.11,-0.07
74708,-1.36,0.08,0.26,0.03,-0.00,-0.07
74709,-1.05,-0.02,-0.36,0.03,-0.11,-0.07
74710,-1.05,-0.23,-0.16,0.13,-0.00,0.04
74711,-1.47,-0.02,-0.05,0.03,-0.00,-0.17
74712,-1.36,-0.02,-0.16,-0.08,-0.11,-0.07
74713,-1.16,-0.02,0.16,0.03,-0.11,-0.07
74714,-0.95,-0.13,-0.26,0.03,-0.21,-0.07
74715,-1.36,-0.13,-0.05,0.03,-0.00,0.14
74716,-1.36,-0.13,-0.05,0.03,-0.00,-0.07
74717,-1.16,0.08,-0.16,0.03,-0.11,0.04
74718,-1.16,-0.13,-0.05,0.03,-0.11,0.04
74719,-1.36,-0.13,-0.16,0.03,0.10,-0.17
74720,-1.26,-0.02,0.05,0.03,-0.11,-0.07
74721,-1.16,-0.13,-0.26,0.13,-0.11,-0.07
74722,-1.16,-0.02,-0.05,-0.08,-0.00,-0.17
74723,-1.26,0.08,0.16,-0.08,-0.00,-0.07
74724,-1.36,-0.13,-0.26,0.13,0.10,0.04
74725,-1.05,-0.13,0.16,-0.08,-0.11,-0.07
74726,-1.16,-0.02,-0.16,0.03,-0.11,-0.07
74727,-1.26,-0.02,0.05,0.03,-0.11,-0.07
74728,-1.26,-0.02,0.05,0.03,-0.11,-0.07
74729,-1.16,-0.23,-0.26,-0.08,-0.00,0.04
74730,-1.16,0.08,-0.05,0.03,-0.11,-0.07
74731,-1.26,-0.02,-0.26,0.03,-0.11,-0.07
74732,-1.36,-0.02,0.05,-0.08,-0.11,-0.07
74733,-1.05,0.08,-0.05,0.03,-0.21,0.04
74734,-1.26,-0.13,-0.16,0.03,-0.00,-0.07
74735,-1.26,-0.02,-0.05,0.13,-0.00,-0.07
74736,-1.16,-0.13,-0.26,-0.08,-0.00,-0.17
74737,-1.26,0.08,0.05,-0.08,-0.11,0.04
74738,-1.16,0.08,0.05,-0.08,-0.21,-0.07
74739,-1.26,-0.02,-0.16,0.03,-0.11,-0.17
74740,-1.16,-0.13,-0.05,0.03,-0.11,-0.07
74741,-1.26,-0.02,-0.16,0.03,-0.11,0.04
74742,-1.26,0.08,0.16,0.03,-0.00,-0.07
74743,-1.26,0.08,-0.05,-0.08,-0.11,-0.17
74744,-1.16,-0.23,-0.16,0.03,-0.00,0.04
74745,-1.16,-0.13,-0.05,0.03,-0.11,-0.07
74746,-1.36,0.08,-0.16,-0.08,-0.11,-0.17
74747,-1.26,0.08,0.16,0.03,-0.00,-0.07
74748,-1.05,-0.02,-0.16,0.03,-0.11,-0.17
74749,-1.16,-0.23,-0.26,0.03,0.10,0.04
74751,-1.36,0.19,0.05,0.03,-0.11,-0.07
74751,-1.36,-0.13,-0.16,-0.08,-0.21,-0.07
74752,-1.05,-0.02,0.16,0.03,-0.11,0.04
74753,-1.05,-0.02,-0.36,-0.08,-0.11,-0.07
74754,-1.26,-0.33,0.05,0.03,0.10,-0.07
74755,-1.36,0.08,-0.05,0.13,-0.11,0.04
74756,-1.36,-0.02,-0.36,0.03,-0.11,-0.17
74757,-0.95,0.08,0.16,0.03,-0.11,-0.17
74758,-1.26,-0.13,-0.47,0.03,-0.00,-0.28
74759,-1.47,-0.33,0.05,0.23,-0.00,-0.07
74760,-1.47,0.08,-0.05,0.13,-0.00,-0.07
74761,-1.47,-0.13,-0.47,0.13,0.10,0.04
74762,-1.05,0.08,0.16,0.03,-0.11,-0.07
74763,-1.26,-0.23,-0.26,0.03,-0.11,-0.07
74764,-1.36,-0.02,0.05,0.03,-0.00,-0.07
74765,-1.36,-0.02,0.05,0.03,-0.00,0.04
74766,-1.16,0.08,-0.36,-0.08,-0.11,-0.17
74767,-0.84,-0.13,0.05,-0.08,-0.11,-0.17
74768,-1.26,-0.02,-0.16,-0.08,-0.11,-0.07
74769,-1.47,0.08,0.16,0.03,-0.11,-0.07
74770,-1.16,0.19,0.05,-0.18,-0.11,-0.17
74771,-1.05,-0.02,-0.57,-0.08,-0.00,-0.07
74772,-1.05,-0.23,0.16,0.03,-0.00,0.14
74773,-1.57,0.08,-0.16,0.03,-0.00,-0.07
74774,-1.47,-0.02,0.16,0.03,-0.00,-0.07
74775,-1.05,0.08,-0.05,0.13,-0.00,-0.07
74776,-0.95,-0.13,-0.57,-0.08,-0.21,-0.17
74777,-1.16,-0.02,0.47,0.03,-0.11,0.04
74778,-1.57,0.08,-0.26,0.13,-0.00,-0.07
74779,-1.16,-0.02,0.05,0.03,-0.21,-0.07
74780,-1.05,-0.02,-0.05,0.03,-0.21,-0.07
74781,-1.26,-0.13,-0.57,0.03,-0.11,-0.17
74782,-1.36,-0.13,0.26,0.03,-0.00,-0.07
74783,-1.36,-0.13,-0.16,0.03,-0.11,-0.07
74784,-1.05,0.08,0.05,0.03,-0.11,-0.17
74785,-1.05,-0.02,-0.05,0.13,-0.00,0.04
74786,-1.26,-0.13,-0.36,-0.08,-0.11,-0.17
74787,-1.36,-0.13,0.16,0.13,-0.11,-0.17
74788,-1.36,-0.02,-0.16,-0.08,-0.21,-0.17
74789,-1.05,0.08,-0.05,0.03,-0.11,-0.17
74790,-1.16,-0.02,-0.05,-0.08,-0.11,-0.07
74791,-1.36,-0.13,-0.47,0.03,-0.11,-0.07
74792,-1.16,-0.02,0.36,-0.08,-0.11,-0.07
74793,-1.36,-0.02,-0.05,0.03,-0.00,-0.17
74794,-1.16,-0.13,-0.16,-0.08,-0.00,-0.07
74795,-1.05,-0.02,0.05,-0.08,-0.11,-0.07
74796,-1.26,0.08,-0.57,0.03,-0.11,-0.07
74797,-1.26,-0.13,0.26,0.13,-0.00,-0.07
74798,-1.26,0.08,-0.16,0.03,-0.11,-0.07
74799,-1.16,-0.13,-0.47,0.13,-0.11,0.04
74800,-1.26,0.08,0.26,0.03,-0.11,-0.07
74801,-1.36,-0.02,-0.47,0.03,-0.11,-0.17
74802,-1.16,-0.13,0.26,0.03,-0.00,-0.07
74803,-1.16,0.08,-0.26,-0.18,-0.11,-0.07
74804,-1.16,-0.02,-0.26,0.03,-0.11,-0.07
74805,-1.26,-0.02,0.26,-0.18,-0.11,-0.07
74806,-1.36,-0.13,-0.57,0.03,-0.11,0.04
74807,-1.16,0.08,0.26,0.03,-0.11,-0.17
74808,-1.16,-0.02,-0.05,-0.08,-0.21,-0.17
74809,-1.16,-0.02,-0.26,0.03,-0.11,-0.07
74810,-1.16,-0.13,0.16,0.03,-0.11,-0.07
74811,-1.26,0.08,-0.57,0.13,-0.11,-0.07
74812,-1.16,-0.13,0.05,0.13,-0.11,-0.07
74813,-1.36,0.08,0.05,0.03,-0.11,-0.07
74814,-1.16,-0.13,-0.36,0.03,-0.00,-0.17
74815,-1.05,-0.13,0.05,0.03,-0.11,-0.07
74816,-1.36,0.08,-0.47,0.03,-0.11,-0.07
74817,-1.16,-0.02,0.05,0.03,-0.21,-0.07
74818,-1.26,0.08,0.16,0.03,-0.00,-0.07
74819,-1.26,-0.23,-0.57,0.03,-0.00,-0.07
74820,-1.16,-0.13,0.16,0.03,-0.00,0.04
74821,-1.47,0.19,-0.47,0.03,-0.11,-0.17
74822,-1.16,-0.13,-0.16,0.03,-0.11,-0.07
74823,-1.26,-0.02,0.16,-0.08,-0.11,-0.17
74824,-1.26,-0.02,-0.47,0.03,-0.11,0.04
74825,-1.26,-0.23,0.36,0.03,-0.00,-0.07
74826,-1.36,0.08,-0.57,0.03,-0.11,-0.07
74827,-1.36,-0.23,-0.26,0.13,-0.00,0.04
74828,-1.26,0.08,0.36,-0.08,-0.11,-0.07
74829,-1.26,-0.02,-0.36,0.03,-0.21,-0.07
74963,-1.47,-0.13,-0.16,0.03,-0.00,-0.07
74964,-1.16,0.08,0.16,0.03,-0.00,-0.17
74965,-1.26,0.08,-0.26,0.13,-0.00,-0.07
74966,-1.16,-0.13,-0.36,0.03,-0.00,0.04
74967,-1.16,0.08,0.16,-0.08,-0.11,-0.17
74968,-1.36,-0.13,-0.26,0.03,-0.00,0.04
74969,-1.16,-0.02,0.16,-0.08,-0.21,-0.17
74970,-1.16,0.19,0.05,0.03,-0.00,-0.07
74971,-1.05,-0.13,-0.36,0.03,-0.11,-0.17
74972,-1.05,-0.02,0.26,-0.08,-0.21,-0.17
74973,-1.26,-0.02,-0.26,-0.08,-0.00,-0.07
74974,-1.36,-0.13,-0.16,0.13,0.10,-0.17
74975,-1.26,0.08,0.16,0.03,-0.11,0.04
74976,-1.05,0.08,-0.47,0.03,-0.11,-0.17
74977,-1.26,-0.13,-0.05,-0.08,-0.11,-0.07
74978,-1.26,-0.02,-0.05,-0.08,-0.11,-0.07
74979,-1.36,-0.13,-0.16,-0.08,-0.00,-0.07
74980,-1.26,0.08,0.16,0.13,-0.00,-0.07
74981,-1.16,-0.13,-0.05,0.03,-0.00,-0.17
74982,-1.26,-0.02,-0.16,0.03,-0.11,-0.07
74983,-1.36,-0.13,0.05,0.03,-0.00,-0.07
74984,-1.26,-0.02,-0.05,-0.08,-0.21,-0.07
74985,-1.36,0.08,-0.05,-0.08,-0.11,-0.07
74986,-1.16,-0.02,-0.16,0.03,-0.21,0.04
74987,-1.26,-0.02,-0.05,0.03,-0.11,-0.07
74988,-1.26,-0.13,-0.16,0.03,-0.00,-0.07
74989,-1.26,-0.02,0.05,0.03,-0.11,-0.07
74990,-1.36,-0.02,0.05,-0.08,-0.00,-0.07
74991,-1.16,-0.02,-0.26,0.03,-0.11,-0.07
74992,-1.05,-0.02,0.16,-0.08,-0.11,-0.07
74993,-1.36,-0.13,-0.26,0.03,-0.11,0.04
74994,-1.26,-0.13,-0.05,0.03,-0.00,0.04
74995,-1.26,0.08,0.16,0.03,-0.11,0.04
74996,-1.26,-0.02,-0.36,0.23,0.10,0.04
74997,-1.16,-0.02,0.16,-0.08,-0.11,-0.07
74998,-1.36,-0.13,-0.16,0.03,-0.00,-0.07
74999,-1.26,-0.02,-0.26,0.03,-0.21,0.04
75000,-1.26,-0.02,0.16,-0.08,-0.11,-0.07
75001,-1.36,-0.02,-0.16,0.03,-0.11,-0.07
75002,-1.26,-0.02,-0.16,0.03,-0.00,-0.07
75003,-1.05,-0.13,0.05,-0.08,-0.11,-0.07
75004,-1.26,-0.02,-0.16,0.03,-0.11,-0.07
75005,-1.16,0.08,0.05,-0.08,-0.21,-0.07
75006,-1.26,-0.02,0.05,0.13,-0.11,0.04
75007,-1.36,-0.02,-0.16,0.03,-0.00,-0.07
75008,-1.16,-0.13,-0.05,-0.08,-0.11,-0.07
75009,-1.26,-0.13,-0.05,0.03,-0.11,-0.07
75010,-1.36,-0.02,-0.16,-0.08,-0.11,0.04
75011,-1.26,-0.02,-0.16,-0.08,-0.11,0.04
75012,-1.26,-0.02,0.05,0.03,-0.11,-0.07
75013,-1.36,-0.02,-0.05,0.03,-0.11,0.04
75014,-1.16,-0.02,-0.05,-0.08,-0.21,-0.07
75015,-1.16,-0.02,0.05,0.03,-0.21,0.04
75016,-1.26,0.08,-0.16,0.03,-0.11,-0.17
75017,-1.26,-0.23,0.05,0.03,-0.00,-0.17
75018,-1.26,0.08,0.05,0.03,-0.11,-0.17
75019,-1.26,0.08,-0.26,-0.08,-0.11,-0.17
75020,-1.05,-0.23,0.05,0.13,-0.00,-0.07
75021,-1.26,0.08,-0.16,-0.08,-0.11,-0.07
75022,-1.16,-0.02,-0.36,-0.08,-0.21,-0.07
75023,-1.16,-0.02,0.16,-0.08,-0.00,-0.07
75024,-1.47,-0.02,-0.26,-0.08,-0.00,-0.07
75025,-1.05,-0.13,-0.05,0.03,-0.11,-0.07
75026,-1.16,-0.13,-0.05,0.03,-0.00,-0.07
75027,-1.26,-0.02,-0.36,-0.08,-0.11,0.04
75028,-1.26,-0.02,0.05,-0.08,-0.11,-0.07
75029,-1.47,0.08,-0.16,-0.08,-0.11,-0.07
75030,-1.16,-0.02,-0.05,-0.08,-0.00,-0.07
75031,-1.16,-0.02,-0.05,0.13,-0.21,-0.07
75032,-1.26,-0.02,-0.05,0.13,-0.11,-0.17
75033,-1.26,-0.02,-0.05,0.03,-0.00,0.04
75034,-1.26,-0.02,-0.16,0.03,-0.00,-0.17
75035,-1.16,0.08,0.16,-0.08,-0.21,-0.07
75036,-1.16,0.08,-0.05,0.03,-0.11,-0.07
75037,-1.26,-0.23,-0.16,0.03,-0.11,-0.07
75038,-1.16,-0.02,0.05,0.03,-0.00,0.04
75039,-1.26,-0.02,-0.26,-0.08,-0.11,-0.07
75040,-1.26,-0.02,0.05,0.03,-0.11,-0.07
75041,-1.16,0.08,-0.05,0.03,-0.11,-0.07
75042,-1.26,-0.02,-0.36,0.03,-0.11,0.04
75043,-1.36,-0.13,-0.05,-0.08,-0.11,0.04
75044,-1.26,-0.02,-0.05,0.03,-0.11,-0.17
75045,-1.26,0.08,-0.05,0.13,-0.11,0.04
75046,-1.16,-0.13,0.05,0.03,-0.00,-0.07
75047,-1.16,0.08,-0.05,0.03,-0.11,-0.07
75048,-1.05,-0.23,-0.26,0.03,-0.21,-0.07
75049,-1.16,-0.13,0.16,0.03,-0.21,-0.07
75050,-1.36,0.08,-0.05,0.03,-0.11,-0.07
75051,-1.16,-0.02,-0.16,-0.08,-0.11,-0.07
75052,-1.36,0.08,-0.05,0.03,-0.00,0.04
75053,-0.95,-0.02,-0.26,0.03,-0.11,-0.07
75054,-1.16,-0.02,0.05,0.03,-0.11,-0.07
75055,-1.36,-0.02,0.05,-0.08,-0.00,-0.07
75056,-1.26,-0.02,-0.05,-0.08,-0.11,0.04
75057,-1.26,-0.02,-0.05,0.13,-0.00,-0.07
75058,-1.26,-0.13,-0.05,0.03,-0.00,-0.07
75059,-1.16,-0.13,-0.16,0.13,-0.00,0.04
75060,-1.26,-0.02,-0.05,-0.08,-0.11,-0.17
75061,-1.36,-0.02,0.16,0.03,-0.11,0.04
75062,-1.26,0.08,-0.16,0.03,-0.11,-0.07
75063,-1.26,-0.02,-0.16,0.03,-0.11,0.04
75064,-1.26,-0.02,-0.05,0.03,-0.11,-0.07
75065,-1.26,-0.23,-0.05,0.03,-0.00,-0.07
75066,-1.36,-0.02,-0.05,0.03,-0.00,0.04
75067,-1.36,-0.02,0.05,0.03,-0.00,-0.07
75068,-1.05,0.19,-0.36,0.03,-0.21,-0.07
75069,-1.26,-0.13,-0.16,0.03,-0.00,0.04
75070,-1.16,-0.13,-0.05,0.13,0.10,0.04
75071,-1.47,-0.13,-0.16,0.03,-0.00,-0.07
75072,-1.26,-0.13,0.16,0.03,-0.00,-0.07
75073,-1.05,0.19,-0.05,-0.08,-0.11,-0.07
75074,-1.26,-0.13,-0.36,0.03,-0.00,0.04
75075,-1.16,-0.02,0.05,-0.08,-0.21,-0.07
75076,-1.47,-0.02,-0.05,0.13,-0.00,0.04
75077,-1.47,-0.13,0.05,0.03,-0.00,-0.07
75078,-1.26,0.08,0.05,0.03,-0.21,-0.07
75079,-1.16,-0.02,-0.16,0.13,-0.11,-0.07
75080,-1.16,-0.02,-0.16,0.03,-0.11,-0.07
75081,-1.26,-0.02,-0.05,-0.08,-0.21,-0.07
75082,-1.26,-0.02,0.05,0.13,-0.11,-0.07
75083,-1.36,-0.13,-0.05,0.03,-0.00,-0.28
75084,-1.16,-0.02,0.05,0.13,-0.11,-0.07
75085,-1.05,-0.02,-0.05,0.03,-0.11,0.04
75086,-1.26,-0.02,-0.26,0.03,-0.11,0.04
75087,-1.26,-0.13,0.05,0.03,-0.00,0.04
75088,-1.26,-0.02,0.05,0.03,-0.21,-0.07
75089,-1.26,0.08,-0.05,0.03,-0.00,-0.07
75090,-1.16,-0.02,-0.05,-0.08,-0.11,-0.07
75091,-1.16,-0.13,-0.16,0.03,-0.11,-0.07
75092,-1.36,-0.02,-0.16,0.13,-0.00,-0.07
75093,-1.16,-0.13,0.16,0.13,-0.11,-0.17
75094,-1.36,-0.13,-0.05,0.13,-0.00,-0.07
75095,-1.16,-0.13,-0.16,0.03,-0.00,-0.07
75096,-1.05,-0.02,-0.05,0.03,-0.11,-0.07
75097,-1.36,-0.13,-0.05,-0.08,-0.11,-0.17
75098,-1.36,0.08,-0.16,0.03,-0.21,-0.17
75099,-1.05,-0.02,0.05,-0.08,-0.11,-0.07
75100,-1.26,0.08,0.05,0.03,-0.11,-0.07
75101,-1.16,0.08,-0.16,-0.08,-0.00,-0.17
75102,-1.05,-0.13,0.05,0.03,-0.11,-0.07
75103,-1.16,-0.02,-0.05,-0.08,-0.11,-0.07
75104,-1.36,-0.13,-0.05,0.03,0.10,-0.07
75105,-1.16,0.08,0.05,-0.08,-0.00,-0.07
75106,-1.26,-0.13,-0.05,-0.08,-0.11,-0.07
75107,-1.05,0.19,0.05,-0.08,-0.31,-0.17
75108,-1.26,-0.23,-0.05,0.03,-0.11,0.04
75109,-1.26,-0.02,0.05,0.03,-0.21,-0.07
75110,-1.16,-0.02,-0.05,-0.08,-0.11,-0.17
75111,-1.16,-0.02,0.05,-0.08,-0.11,0.04
75112,-1.26,-0.02,0.05,0.03,-0.11,-0.07
75113,-1.36,-0.02,-0.16,0.13,-0.00,0.04
75114,-1.05,-0.13,0.05,-0.08,-0.21,-0.17
75115,-1.16,-0.13,-0.05,0.03,-0.21,-0.07
75116,-1.26,0.19,-0.16,0.03,-0.11,-0.07
75117,-1.16,-0.13,-0.05,-0.08,-0.21,-0.17
75118,-1.26,0.08,-0.16,0.03,-0.11,-0.07
75119,-1.36,-0.02,0.05,0.03,-0.00,-0.07
75120,-1.16,-0.13,-0.05,0.13,-0.00,-0.07
75121,-1.16,-0.02,-0.05,0.03,-0.00,-0.17
75122,-1.26,0.08,-0.16,-0.08,-0.11,-0.17
75123,-1.16,-0.13,0.05,0.03,-0.11,0.04
75124,-1.26,-0.02,-0.05,-0.08,-0.21,-0.17
75125,-1.36,-0.02,-0.16,0.13,-0.11,0.04
75126,-1.16,-0.23,-0.05,-0.08,-0.11,-0.17
75127,-1.26,0.08,0.05,0.13,-0.00,0.04
75128,-1.26,-0.02,-0.26,-0.08,-0.11,-0.17
75129,-1.26,-0.13,-0.05,0.03,-0.11,-0.07
75130,-1.26,0.08,0.05,-0.08,-0.00,-0.07
75131,-1.16,0.08,-0.05,0.03,-0.21,-0.07
75132,-1.26,-0.13,0.05,0.03,-0.11,-0.07
75133,-1.26,-0.02,-0.16,-0.08,-0.00,0.04
75134,-1.16,-0.02,-0.05,0.03,-0.11,-0.07
75135,-1.36,-0.13,-0.05,0.13,-0.21,-0.07
75136,-1.26,0.08,-0.05,-0.08,-0.21,-0.07
75137,-1.05,0.08,0.16,0.03,-0.21,-0.17
75138,-1.16,0.08,-0.05,-0.08,-0.11,-0.17
75139,-1.26,-0.13,-0.05,0.03,-0.11,0.04
75140,-1.05,0.08,-0.05,-0.08,-0.11,-0.17
75141,-1.26,-0.13,-0.05,0.03,-0.11,-0.07
75142,-1.36,-0.02,0.05,0.13,-0.11,0.04
75143,-1.36,-0.02,-0.16,0.03,-0.00,0.04
75144,-1.16,-0.13,-0.05,0.03,-0.11,-0.07
75145,-1.05,-0.02,0.05,-0.08,-0.00,-0.17
75146,-1.05,0.19,0.05,-0.08,-0.21,-0.17
75147,-1.26,-0.02,-0.05,0.03,-0.00,-0.07
75148,-1.16,0.08,0.05,-0.08,-0.11,-0.17
75149,-1.26,-0.02,-0.16,0.13,0.10,-0.17
75150,-1.26,-0.23,-0.16,0.13,-0.00,0.04
75151,-1.26,-0.13,0.16,0.03,-0.11,-0.17
75152,-1.26,0.08,-0.26,-0.08,-0.11,-0.07
75153,-1.26,-0.02,-0.05,-0.08,-0.11,0.04
75154,-1.36,-0.02,0.05,0.03,-0.00,0.04
75155,-1.05,-0.02,-0.26,-0.08,-0.11,-0.07
75156,-1.16,-0.13,-0.16,-0.08,-0.00,-0.17
75157,-1.36,-0.13,0.05,0.03,-0.21,0.04
75158,-1.26,0.19,-0.05,-0.08,-0.21,-0.17
75159,-1.26,-0.02,-0.05,0.03,-0.00,-0.07
75160,-1.36,-0.02,0.05,0.03,-0.21,-0.07
75161,-1.16,-0.02,-0.16,0.03,-0.00,-0.07
75162,-1.16,0.08,-0.16,-0.08,-0.21,-0.17
75163,-1.36,-0.02,0.05,0.03,-0.00,-0.07
75164,-1.36,-0.02,0.05,-0.08,-0.00,-0.07
75165,-1.36,-0.13,-0.26,0.13,0.10,-0.07
75166,-1.16,-0.13,-0.05,0.03,-0.21,0.04
75167,-1.16,-0.02,-0.05,-0.08,-0.11,-0.17
75168,-1.26,-0.02,-0.05,0.03,-0.11,0.04
75169,-1.26,-0.02,-0.05,-0.18,-0.11,-0.07
75170,-1.36,-0.02,-0.05,0.03,-0.00,0.04
75171,-1.16,0.19,-0.16,0.03,-0.00,-0.07
75172,-1.36,-0.13,-0.16,0.03,-0.00,0.04
75173,-1.16,-0.02,-0.05,0.03,-0.00,0.04
75174,-1.26,-0.23,-0.26,0.23,-0.00,0.04
75175,-1.36,-0.02,-0.05,0.13,-0.00,0.04
75176,-1.16,-0.13,0.05,0.03,-0.11,-0.07
75177,-1.26,0.08,-0.26,0.03,-0.00,0.04
75178,-1.16,0.08,-0.05,0.03,-0.11,-0.17
75179,-1.26,-0.02,-0.05,0.13,-0.11,-0.07
75180,-1.26,-0.13,-0.16,0.13,-0.00,-0.07
75181,-1.36,-0.02,-0.05,0.03,-0.00,0.04
75182,-1.16,-0.02,0.16,-0.18,-0.11,-0.07
75183,-1.16,-0.02,-0.26,0.03,-0.00,-0.07
75184,-1.16,-0.13,-0.16,-0.08,-0.00,0.04
75185,-1.26,-0.02,-0.05,-0.08,-0.00,-0.07
75186,-1.26,-0.02,-0.05,0.03,-0.21,-0.07
75187,-1.36,-0.13,-0.05,0.13,-0.11,-0.07
75188,-1.36,0.08,-0.05,0.03,-0.11,0.04
75189,-1.26,-0.02,-0.16,0.13,0.10,-0.07
75190,-1.16,-0.02,-0.16,-0.08,-0.00,-0.07
75191,-1.47,-0.23,-0.05,0.03,-0.00,0.04
75192,-1.26,-0.02,0.05,-0.08,-0.21,-0.07
75193,-1.26,0.08,-0.05,-0.08,-0.11,-0.07
75194,-1.16,0.08,0.05,0.03,-0.00,-0.07
75195,-1.05,0.08,-0.05,0.03,-0.21,-0.17
75196,-1.16,-0.02,-0.05,0.03,-0.11,-0.17
75197,-1.47,-0.23,-0.05,0.03,-0.00,0.04
75198,-1.26,-0.02,-0.16,0.03,-0.00,-0.07
75199,-1.26,0.08,0.05,0.03,-0.11,-0.17
75200,-1.16,0.08,-0.05,-0.08,-0.00,-0.17
75201,-1.16,-0.02,-0.05,0.03,-0.11,0.04
75202,-1.26,-0.02,-0.05,0.03,-0.11,-0.07
75203,-1.47,0.08,-0.16,0.13,-0.11,-0.07
75204,-1.16,-0.13,0.16,0.03,-0.11,-0.07
75205,-1.36,-0.02,-0.05,0.03,-0.00,-0.07
75206,-1.26,0.19,-0.16,-0.08,-0.21,-0.17
75207,-1.05,-0.13,0.05,-0.08,-0.11,-0.17
75208,-1.36,-0.02,-0.16,0.03,-0.00,-0.07
75209,-1.36,-0.02,-0.05,0.03,-0.11,0.04
75210,-1.16,-0.23,0.05,0.03,-0.11,0.04
75211,-1.36,-0.02,-0.16,0.03,-0.00,0.14
75212,-1.16,-0.02,-0.05,-0.08,-0.00,-0.07
75213,-1.05,-0.02,-0.05,-0.08,-0.11,-0.07
75214,-1.05,-0.02,0.05,-0.08,-0.21,-0.07
75215,-1.36,-0.02,-0.05,0.03,-0.11,-0.07
75216,-1.36,-0.02,-0.05,0.03,0.10,-0.07
75217,-1.16,0.08,0.05,0.13,-0.11,-0.07
75218,-1.26,-0.13,-0.16,-0.08,-0.00,0.04
75219,-1.26,-0.02,0.05,0.03,-0.11,-0.07
75220,-1.16,-0.13,-0.05,0.03,-0.21,-0.07
75221,-1.26,-0.02,-0.05,-0.08,-0.21,-0.07
75222,-1.36,-0.02,-0.05,0.03,-0.11,-0.07
75223,-1.16,-0.02,-0.05,0.03,-0.00,-0.07
75224,-1.26,-0.02,-0.05,0.03,-0.11,-0.07
75225,-1.26,-0.02,-0.05,0.13,-0.11,-0.17
75226,-1.16,-0.13,-0.05,-0.08,-0.11,-0.17
75227,-1.26,-0.02,-0.05,-0.08,-0.00,-0.17
75228,-1.36,-0.02,-0.05,0.03,-0.11,-0.17
75229,-1.26,-0.13,-0.05,0.03,-0.00,-0.07
75230,-1.16,0.08,0.05,0.13,-0.11,-0.07
75231,-1.26,-0.13,-0.05,0.13,-0.00,-0.17
75232,-1.26,0.08,-0.16,0.03,-0.00,-0.07
75233,-1.26,-0.13,-0.05,0.03,-0.11,0.14
75234,-1.26,-0.02,-0.05,0.03,-0.11,-0.07
75235,-1.26,0.08,-0.16,0.03,0.10,-0.07
75236,-1.16,-0.13,0.05,-0.08,-0.11,-0.07
75237,-1.26,-0.02,-0.05,0.03,-0.00,0.04
75238,-1.26,0.08,-0.05,0.13,-0.11,-0.17
75239,-1.26,-0.23,-0.05,0.03,0.10,-0.07
75240,-1.36,-0.02,0.05,-0.08,-0.11,-0.17
75241,-1.16,-0.02,-0.05,-0.08,-0.11,-0.07
75242,-1.16,-0.13,-0.05,-0.08,-0.11,-0.07
75243,-1.36,0.08,-0.05,-0.08,-0.00,-0.07
75244,-1.16,-0.02,-0.05,-0.08,-0.21,-0.17
75245,-1.16,-0.02,-0.05,0.03,-0.11,-0.17
75246,-1.26,-0.13,-0.05,0.03,-0.11,0.04
75247,-1.16,-0.02,-0.16,-0.08,-0.11,-0.07
75248,-1.16,0.08,-0.16,0.03,-0.00,0.04
75249,-1.26,-0.13,0.05,0.03,-0.11,-0.07
75250,-1.26,0.08,-0.05,-0.08,-0.11,-0.17
75251,-1.16,0.08,-0.05,0.03,-0.11,-0.07
75252,-1.26,-0.23,-0.05,0.03,-0.00,-0.07
75253,-1.26,-0.02,-0.05,0.13,-0.11,-0.07
75254,-1.16,-0.02,-0.05,0.03,-0.11,-0.07
75255,-1.26,-0.23,-0.05,0.13,-0.11,-0.07
75256,-1.36,0.08,-0.05,-0.08,-0.00,0.04
75257,-1.16,-0.02,-0.05,0.03,-0.21,-0.07
75258,-1.16,-0.02,-0.16,0.03,-0.00,-0.17
75259,-1.26,-0.13,-0.05,0.13,-0.00,-0.07
75260,-1.26,0.08,-0.05,-0.08,-0.11,-0.17
75261,-1.26,-0.02,-0.05,0.03,0.10,-0.07
75262,-1.47,-0.02,0.05,0.03,-0.11,-0.07
75263,-1.16,-0.02,-0.05,-0.08,-0.11,-0.07
75264,-1.16,0.08,-0.05,0.03,-0.11,-0.17
75265,-1.36,-0.23,-0.05,0.13,-0.00,0.04
75266,-1.16,0.08,0.05,0.03,-0.11,-0.07
75267,-1.16,-0.02,-0.16,0.03,-0.11,-0.07
75268,-1.26,-0.02,-0.05,0.03,-0.11,-0.17
75269,-1.36,-0.02,0.05,0.03,-0.00,0.04
75270,-1.05,-0.02,-0.16,-0.08,-0.21,-0.07
75271,-1.26,-0.02,-0.16,0.03,-0.00,-0.07
75272,-1.36,-0.13,0.05,0.03,-0.11,-0.07
75273,-1.36,0.08,-0.16,0.03,-0.00,-0.07
75274,-1.16,0.08,-0.16,-0.08,-0.00,-0.07
75275,-1.36,-0.02,0.05,-0.08,-0.21,-0.17
75276,-1.26,0.08,-0.16,0.13,-0.11,-0.07
75277,-0.95,-0.13,-0.16,0.03,-0.11,-0.07
75278,-1.36,-0.02,-0.05,-0.08,-0.11,-0.17
75279,-1.36,-0.02,0.05,0.03,-0.00,0.04
75280,-1.05,-0.02,-0.05,-0.08,-0.11,-0.07
75281,-1.16,0.08,-0.16,-0.08,-0.11,-0.17
75282,-1.26,-0.02,0.05,0.03,-0.00,-0.17
75283,-1.05,-0.13,-0.16,-0.08,-0.11,0.04
75284,-1.16,-0.02,-0.05,0.03,-0.31,-0.17
75285,-1.36,-0.02,-0.05,-0.08,-0.21,-0.17
75286,-1.26,0.08,-0.05,0.13,-0.00,-0.07
75287,-1.05,0.08,-0.05,-0.08,-0.21,-0.07
75288,-1.36,-0.13,-0.16,-0.08,-0.00,-0.07
75289,-1.26,-0.02,0.05,0.03,-0.00,-0.07
75290,-1.05,-0.13,-0.05,0.03,-0.00,-0.07
75291,-1.36,-0.02,-0.16,-0.08,-0.00,-0.17
75292,-1.47,-0.23,0.05,0.13,-0.00,0.04
75293,-1.16,-0.02,-0.05,-0.08,-0.11,-0.07
75294,-1.16,-0.02,-0.16,0.03,-0.11,-0.17
75295,-1.26,-0.13,0.05,0.03,-0.11,-0.17
75296,-1.26,-0.02,-0.26,0.13,-0.11,-0.07
75297,-1.05,-0.02,0.05,0.03,-0.11,-0.07
75298,-1.36,0.08,-0.05,0.03,-0.11,-0.07
75299,-1.16,-0.02,0.05,0.03,-0.11,-0.17
75300,-1.16,-0.02,-0.05,-0.08,-0.11,0.04
75301,-1.36,-0.23,-0.36,0.13,0.10,-0.07
75302,-1.16,-0.02,0.16,-0.08,-0.31,-0.17
75303,-1.36,-0.13,-0.16,0.13,-0.11,0.04
75304,-1.36,-0.13,-0.05,-0.08,0.10,-0.07
75305,-1.26,-0.13,-0.05,-0.08,-0.11,-0.07
75306,-0.95,0.08,-0.05,0.03,-0.21,-0.17
75307,-1.16,-0.23,-0.16,0.03,-0.00,0.04
75308,-1.16,-0.02,-0.05,-0.08,-0.11,-0.07
75309,-1.26,0.08,0.05,-0.08,-0.11,0.04
75310,-1.16,-0.23,-0.05,-0.08,-0.21,-0.07
75311,-1.26,0.19,0.05,-0.08,-0.21,-0.17
75312,-1.05,0.19,0.05,-0.18,-0.21,-0.07
75313,-1.05,-0.13,-0.05,0.03,-0.11,-0.17
75314,-1.26,-0.02,-0.16,-0.18,-0.11,-0.17
75315,-1.26,-0.02,-0.05,0.03,-0.11,-0.07
75316,-1.26,0.08,-0.05,-0.08,-0.21,-0.17
75317,-1.26,-0.23,-0.05,0.03,-0.11,-0.07
75318,-1.16,0.19,0.05,-0.18,-0.21,-0.17
75319,-1.05,-0.02,-0.26,0.03,-0.00,0.04
75320,-1.16,-0.13,-0.05,0.03,-0.00,-0.07
75321,-1.26,-0.02,-0.05,-0.08,-0.11,-0.07
75322,-1.26,-0.02,-0.05,0.03,-0.00,0.04
75323,-1.36,-0.13,0.05,0.03,-0.00,0.04
75324,-1.26,-0.02,-0.05,-0.08,-0.11,-0.07
75325,-1.16,-0.13,-0.05,-0.08,0.10,-0.07
75326,-1.16,-0.02,-0.05,0.03,-0.11,-0.07
75327,-1.26,-0.13,-0.05,-0.08,-0.11,-0.17
75328,-1.36,-0.02,-0.16,0.03,-0.11,0.04
75329,-1.16,-0.13,0.05,-0.08,-0.11,-0.07
75330,-1.16,-0.02,-0.05,0.03,-0.11,-0.07
75331,-1.36,0.08,-0.05,0.03,-0.21,-0.07
75332,-1.26,-0.13,-0.05,0.13,-0.00,0.04
75333,-1.05,-0.02,-0.16,-0.08,-0.11,-0.17
75334,-1.36,-0.02,0.05,-0.08,-0.11,-0.07
75335,-1.26,-0.02,-0.05,0.13,-0.00,-0.07
75336,-1.05,-0.02,-0.05,0.03,-0.11,-0.28
75337,-1.26,-0.13,-0.16,0.03,-0.11,-0.07
75338,-1.26,0.08,0.05,0.03,-0.11,-0.07
75339,-1.16,-0.02,-0.16,0.03,-0.11,-0.17
75340,-1.16,-0.13,-0.05,0.03,-0.21,-0.07
75341,-1.26,-0.23,-0.05,0.03,-0.11,0.04
75342,-1.26,0.08,-0.05,-0.08,-0.11,-0.07
75343,-1.16,-0.02,0.05,0.03,-0.00,-0.07
75344,-1.36,-0.23,-0.16,0.13,-0.11,-0.07
75345,-1.26,0.08,0.05,0.03,-0.11,-0.17
75346,-1.16,-0.02,-0.05,0.03,-0.11,-0.07
75347,-1.26,-0.13,-0.16,0.03,-0.11,-0.07
75348,-1.16,-0.02,0.05,-0.08,-0.00,0.04
75349,-1.26,-0.02,-0.05,0.03,-0.11,-0.07
75350,-1.16,-0.13,-0.05,-0.08,-0.00,-0.07
75351,-1.36,-0.13,-0.05,0.03,-0.11,-0.07
75352,-1.36,0.19,-0.05,-0.08,-0.11,-0.07
75353,-1.05,-0.23,-0.16,-0.08,0.10,-0.17
75354,-1.16,-0.13,-0.05,-0.08,-0.11,-0.07
75355,-1.36,0.08,-0.05,0.13,-0.11,-0.07
75356,-1.16,-0.02,-0.16,0.03,-0.11,-0.07
75357,-1.26,0.08,-0.05,0.03,-0.11,-0.17
75358,-1.36,-0.02,-0.16,-0.08,-0.00,-0.07
75359,-1.26,0.19,0.05,0.03,-0.11,-0.07
75360,-1.26,-0.33,-0.26,0.03,-0.11,-0.07
75361,-1.26,-0.13,-0.05,0.03,-0.00,-0.07
75362,-1.26,0.08,-0.16,0.03,-0.00,-0.17
75363,-1.16,-0.13,-0.05,-0.08,-0.11,-0.17
75364,-1.26,-0.02,0.05,0.03,-0.11,-0.07
75365,-1.47,-0.02,-0.16,-0.08,-0.00,0.04
75366,-1.16,0.08,0.16,0.03,-0.11,0.04
75367,-1.16,-0.13,-0.26,-0.08,-0.11,-0.28
75368,-1.26,-0.23,0.05,0.03,-0.00,-0.07
75369,-1.16,-0.02,0.05,-0.08,-0.00,0.04
75370,-1.26,-0.13,-0.26,0.03,-0.11,-0.07
75371,-1.36,-0.02,-0.05,0.03,-0.11,0.04
75372,-1.26,-0.02,-0.05,0.03,-0.21,-0.17
75373,-1.26,0.08,0.05,0.03,-0.00,0.04
75374,-1.26,-0.23,-0.16,0.03,-0.11,-0.07
75375,-1.26,-0.23,-0.16,-0.08,-0.11,-0.07
75376,-1.05,0.08,0.05,0.03,-0.21,-0.07
75377,-1.26,-0.13,-0.16,-0.08,-0.11,-0.17
75378,-1.36,-0.13,-0.05,0.03,-0.11,-0.17
75379,-1.16,-0.02,-0.05,-0.08,-0.11,-0.17
75380,-1.16,0.19,-0.05,0.03,-0.11,-0.07
75381,-1.26,-0.23,-0.05,-0.08,-0.00,-0.07
75382,-1.26,-0.13,-0.05,0.03,-0.11,0.04
75383,-0.95,-0.02,-0.05,0.03,-0.00,0.04
75384,-1.16,-0.02,-0.05,-0.08,-0.11,-0.07
75385,-1.47,-0.13,-0.05,-0.08,-0.00,0.04
75386,-1.16,0.08,-0.05,-0.08,-0.00,-0.07
75387,-1.05,0.19,-0.16,0.03,-0.21,-0.17
75388,-1.47,-0.23,-0.05,0.03,-0.11,-0.07
75389,-1.26,-0.02,0.05,0.03,-0.11,-0.07
75390,-1.05,-0.02,-0.05,0.03,-0.11,-0.07
75391,-1.26,-0.13,-0.16,0.03,-0.11,0.04
75392,-1.47,-0.13,0.05,0.03,-0.00,-0.17
75393,-1.16,0.08,-0.16,0.03,-0.11,-0.07
75394,-1.05,-0.13,-0.05,0.03,-0.11,0.14
75395,-1.36,-0.23,-0.16,-0.08,-0.21,0.04
75396,-1.16,0.08,0.05,0.03,-0.11,-0.17
75397,-1.16,-0.02,-0.05,0.03,-0.00,-0.07
75398,-1.36,-0.02,-0.36,-0.08,-0.11,-0.07
75399,-1.36,-0.02,0.05,0.03,-0.11,-0.07
75400,-1.16,-0.02,-0.16,0.03,-0.11,0.04
75401,-1.05,-0.13,-0.16,0.03,-0.21,0.04
75402,-1.36,-0.13,-0.05,0.03,-0.11,-0.07
75403,-1.36,0.08,-0.05,0.03,-0.11,-0.07
75404,-1.05,-0.02,0.05,0.13,-0.00,-0.07
75405,-1.26,-0.13,-0.16,0.03,-0.11,-0.07
75406,-1.36,-0.02,-0.05,0.03,-0.00,0.14
75407,-1.26,0.08,0.05,0.03,-0.00,0.04
75408,-1.05,-0.02,-0.26,0.03,-0.11,-0.07
75409,-1.36,-0.13,0.05,0.03,-0.11,0.04
75410,-1.36,-0.02,-0.05,0.03,-0.11,0.04
75411,-1.16,-0.02,0.05,0.03,-0.00,0.04
75412,-1.16,-0.02,-0.16,-0.08,-0.00,-0.17
75523,-1.05,0.19,0.26,0.44,0.31,0.24
75523,-1.05,0.19,0.26,-0.08,-0.21,-0.17
75524,-1.26,0.08,-0.16,0.03,-0.11,-0.07
75525,-1.26,-0.23,-0.16,-0.08,-0.11,-0.28
75526,-1.16,-0.13,0.05,0.13,-0.00,-0.07
75527,-1.16,0.19,-0.05,0.03,-0.00,-0.17
75528,-1.16,-0.02,-0.05,-0.08,-0.11,-0.07
75529,-1.26,-0.23,-0.16,-0.08,-0.21,-0.17
75530,-1.26,-0.13,-0.26,0.03,-0.11,-0.07
75531,-1.05,0.19,0.36,0.03,-0.11,-0.07
75532,-1.36,-0.13,-0.36,0.03,-0.11,-0.07
75533,-1.26,-0.23,-0.05,-0.08,-0.11,-0.17
75534,-1.26,0.08,-0.16,0.03,-0.11,-0.07
75535,-1.16,0.29,-0.16,-0.08,-0.11,-0.07
75536,-1.05,-0.23,0.05,-0.08,-0.11,-0.17
75537,-1.26,-0.02,-0.36,0.03,-0.00,-0.07
75538,-1.16,0.08,0.26,-0.08,-0.11,-0.17
75539,-1.05,0.08,-0.05,0.03,-0.21,-0.07
75540,-1.36,-0.13,-0.36,0.03,-0.00,-0.17
75541,-1.26,-0.23,0.16,0.03,-0.11,0.04
75542,-1.36,0.19,-0.16,0.03,-0.00,-0.07
75543,-1.16,0.08,-0.16,0.13,-0.11,-0.07
75544,-1.16,-0.33,-0.05,-0.08,-0.11,-0.07
75545,-1.47,0.08,-0.16,0.03,-0.11,-0.17
75546,-1.36,0.08,0.05,0.03,-0.11,0.04
75547,-1.26,-0.02,-0.05,0.13,-0.00,-0.07
75548,-1.16,-0.23,-0.26,0.03,-0.00,0.04
75549,-1.16,0.08,-0.05,0.03,-0.11,-0.07
75550,-1.36,0.19,-0.05,0.03,-0.00,-0.07
